Handle,Title,Body (HTML),Vendor,Type,Published,Variant SKU,Variant Price,Variant Inventory Qty,Image Src,nombre_zh,notas,,
vbce023bdb,15cm palitos de madera 50 unids pa manualidades,,VivaBien,Papelería y Oficina,TRUE,VBCE023BDB,,,VBCE023BDB.jpg,巨型木棒（50根）,文具办公,"品名由豆包识图生成 conf=0.90，卖点:['尺寸15×1.8cm', '50根装', '木制', '手工材料']; 价格待补（AI 不估价）","品名由豆包识图生成 conf=0.90，卖点:['尺寸15×1.8cm', '50根装', '木制', '手工材料']; 价格待补（AI 不估价）"
vb7144dc63,Cepillo pa baño mango largo verde con gancho pa colgar 🚿,,VivaBien,Baño y Sanitarios,TRUE,VB7144DC63,,,VB7144DC63.jpg,长柄沐浴刷,浴室卫浴,"品名由豆包识图生成 conf=0.80，卖点:['绿色手柄', '长柄设计', '带挂孔', '刷头带包装']; 价格待补（AI 不估价）","品名由豆包识图生成 conf=0.80，卖点:['绿色手柄', '长柄设计', '带挂孔', '刷头带包装']; 价格待补（AI 不估价）"
vbfac1e367,Bocina / Altavoz inalámbrico portátil RGB 6.5W,"Bocina / Altavoz inalámbrico portátil RGB 6.5W

📦 Características:
• 6.5W
• RGB灯光
• 便携式
• 无线

💰 Precio: RD$ 420
✨ Estado: Nuevo
🚚 Disponible para entrega o recogida

🛒 VivaBien — Tu tienda de confianza en República Dominicana",VivaBien,Electrónicos y Tecnología,Electrónicos y Tecnología,TRUE,VBFAC1E367,420.0,,VBFAC1E367.jpg,无线音箱,电子数码,Electrónicos y Tecnología,"Shopify,Facebook Marketplace",价格由 AI 从图片识别：RD$ 420，请在审核台确认
vbee64128d,"Bocina inalámbrica 3"" FM USB Micro SD recargable","Bocina inalámbrica 3"" FM USB Micro SD recargable

📦 Características:
• 3英寸
• 无线连接
• 可充电电池
• FM收音机功能
• 支持USB和Micro SD

💰 Precio: RD$ 340
✨ Estado: Nuevo
🚚 Disponible para entrega o recogida

🛒 VivaBien — Tu tienda de confianza en República Dominicana",VivaBien,Electrónicos y Tecnología,Electrónicos y Tecnología,TRUE,VBEE64128D,340.0,,VBEE64128D.jpg,无线音箱,电子数码,Electrónicos y Tecnología,"Shopify,Facebook Marketplace",价格由 AI 从图片识别：RD$ 340，请在审核台确认
vbe008192b,"Bocina Bluetooth / parlante portátil con FM, USB y TF","Bocina Bluetooth / parlante portátil con FM, USB y TF

📦 Características:
• USB接口
• TF卡支持
• 蓝牙功能
• FM收音机
• 便携设计

💰 Precio: RD$ 715
✨ Estado: Nuevo
🚚 Disponible para entrega o recogida

🛒 VivaBien — Tu tienda de confianza en República Dominicana",VivaBien,Electrónicos y Tecnología,Electrónicos y Tecnología,TRUE,VBE008192B,715.0,,VBE008192B.jpg,蓝牙音箱,电子数码,Electrónicos y Tecnología,"Shopify,Facebook Marketplace",价格由 AI 从图片识别：RD$ 715，请在审核台确认
vbc8f03f58,Bocina inalámbrica / parlante portátil roja con micrófono USB,"Bocina inalámbrica / parlante portátil roja con micrófono USB

📦 Características:
• 便携
• 红色
• 无线
• USB接口
• 麦克风功能

💰 Precio: RD$ 60
✨ Estado: Nuevo
🚚 Disponible para entrega o recogida

🛒 VivaBien — Tu tienda de confianza en República Dominicana",VivaBien,Electrónicos y Tecnología,Electrónicos y Tecnología,TRUE,VBC8F03F58,460,,VBC8F03F58.jpg,迷你无线音箱,电子数码,Electrónicos y Tecnología,"Shopify,Facebook Marketplace",价格由 AI 从图片识别：RD$ 60，请在审核台确认
vbc8755bf7,Teléfono fijo / residencial blanco con música y redial,"Teléfono fijo / residencial blanco con música y redial

📦 Características:
• 白色
• 6个月保修
• 带音乐保持功能
• 重拨功能

💰 Precio: RD$ 480
✨ Estado: Nuevo
🚚 Disponible para entrega o recogida

🛒 VivaBien — Tu tienda de confianza en República Dominicana",VivaBien,Electrónicos y Tecnología,Electrónicos y Tecnología,TRUE,VBC8755BF7,480.0,,VBC8755BF7.jpg,有线电话机,电子数码,Electrónicos y Tecnología,"Shopify,Facebook Marketplace",价格由 AI 从图片识别：RD$ 180，请在审核台确认; 价格经二次OCR修正：180 → RD$ 480
vbb71485d2,Audífonos inalámbricos / cascos Bluetooth plateados,"Audífonos inalámbricos / cascos Bluetooth plateados

📦 Características:
• 一套
• 银色
• 头戴式

💰 Precio: RD$ 320
✨ Estado: Nuevo
🚚 Disponible para entrega o recogida

🛒 VivaBien — Tu tienda de confianza en República Dominicana",VivaBien,Electrónicos y Tecnología,Electrónicos y Tecnología,TRUE,VBB71485D2,320.0,,VBB71485D2.jpg,无线耳机,电子数码,Electrónicos y Tecnología,"Shopify,Facebook Marketplace",价格由 AI 从图片识别：RD$ 320，请在审核台确认
vb0aec21df,"Bocina inalámbrica / corneta Bluetooth 6.5"" recargable FM USB SD","Bocina inalámbrica / corneta Bluetooth 6.5"" recargable FM USB SD

📦 Características:
• 6.5寸
• 无线技术
• 可充电电池
• FM收音功能
• 支持USB和Micro SD

💰 Precio: RD$ 280
✨ Estado: Nuevo
🚚 Disponible para entrega o recogida

🛒 VivaBien — Tu tienda de confianza en República Dominicana",VivaBien,Electrónicos y Tecnología,Electrónicos y Tecnología,TRUE,VB0AEC21DF,820,,VB0AEC21DF.jpg,无线音箱,电子数码,Electrónicos y Tecnología,"Shopify,Facebook Marketplace",价格由 AI 从图片识别：RD$ 820，请在审核台确认; 价格经二次OCR修正：820 → RD$ 280
vb3bfe0b22,Audífonos Bluetooth / inalámbricos HiFi sonido estéreo,"Audífonos Bluetooth / inalámbricos HiFi sonido estéreo

📦 Características:
• 蓝牙
• 立体声
• HiFi解码
• 智能芯片

💰 Precio: RD$ 765
✨ Estado: Nuevo
🚚 Disponible para entrega o recogida

🛒 VivaBien — Tu tienda de confianza en República Dominicana",VivaBien,Electrónicos y Tecnología,Electrónicos y Tecnología,TRUE,VB3BFE0B22,765.0,,VB3BFE0B22.jpg,无线耳机,电子数码,Electrónicos y Tecnología,"Shopify,Facebook Marketplace",价格由 AI 从图片识别：RD$ 765，请在审核台确认
vb93c9ee21,Teléfono fijo / residencial con alarma y pantalla,"Teléfono fijo / residencial con alarma y pantalla

📦 Características:
• 自动重拨
• 来电显示
• 6个月保修
• 音乐保持
• 闹钟功能

💰 Precio: RD$ 750
✨ Estado: Nuevo
🚚 Disponible para entrega o recogida

🛒 VivaBien — Tu tienda de confianza en República Dominicana",VivaBien,Electrónicos y Tecnología,Electrónicos y Tecnología,TRUE,VB93C9EE21,750.0,,VB93C9EE21.jpg,座机电话,电子数码,Electrónicos y Tecnología,"Shopify,Facebook Marketplace",价格由 AI 从图片识别：RD$ 750，请在审核台确认
vb85815f02,Bocina Bluetooth portátil / speaker con micrófono 52mm,"Bocina Bluetooth portátil / speaker con micrófono 52mm

📦 Características:
• 便携
• 带麦克风
• 大音量
• 52mm

💰 Precio: RD$ 295
✨ Estado: Nuevo
🚚 Disponible para entrega o recogida

🛒 VivaBien — Tu tienda de confianza en República Dominicana",VivaBien,Electrónicos y Tecnología,Electrónicos y Tecnología,TRUE,VB85815F02,295.0,,VB85815F02.jpg,无线音箱,电子数码,Electrónicos y Tecnología,"Shopify,Facebook Marketplace",价格由 AI 从图片识别：RD$ 295，请在审核台确认
vb76e6f164,Bocinas RGB / parlantes RGB en cubo 1 par compactas,"Bocinas RGB / parlantes RGB en cubo 1 par compactas

📦 Características:
• 一套
• RGB灯效
• 小型立方体

💰 Precio: RD$ 495
✨ Estado: Nuevo
🚚 Disponible para entrega o recogida

🛒 VivaBien — Tu tienda de confianza en República Dominicana",VivaBien,Electrónicos y Tecnología,Electrónicos y Tecnología,TRUE,VB76E6F164,495.0,,VB76E6F164.jpg,RGB音箱,电子数码,Electrónicos y Tecnología,"Shopify,Facebook Marketplace",价格由 AI 从图片识别：RD$ 495，请在审核台确认
vb259c8bfa,Audífonos Bluetooth P9 Pro Max negros alta fidelidad 40mm,"Audífonos Bluetooth P9 Pro Max negros alta fidelidad 40mm

📦 Características:
• 40mm动圈喇叭
• 高保真
• 支持AAC/SBC解码
• 黑色

💰 Precio: RD$ 385
✨ Estado: Nuevo
🚚 Disponible para entrega o recogida

🛒 VivaBien — Tu tienda de confianza en República Dominicana",VivaBien,Electrónicos y Tecnología,Electrónicos y Tecnología,TRUE,VB259C8BFA,385.0,,VB259C8BFA.jpg,P9 Pro Max耳机,电子数码,Electrónicos y Tecnología,"Shopify,Facebook Marketplace",价格由 AI 从图片识别：RD$ 385，请在审核台确认
vb52795e24,Audífonos inalámbricos / Bluetooth HD micrófono batería duradera,"Audífonos inalámbricos / Bluetooth HD micrófono batería duradera

📦 Características:
• 立体声
• HD麦克风
• 语音通话
• 大容量电池

💰 Precio: RD$ 175
✨ Estado: Nuevo
🚚 Disponible para entrega o recogida

🛒 VivaBien — Tu tienda de confianza en República Dominicana",VivaBien,Electrónicos y Tecnología,Electrónicos y Tecnología,TRUE,VB52795E24,775,,VB52795E24.jpg,无线耳机,电子数码,Electrónicos y Tecnología,"Shopify,Facebook Marketplace",价格由 AI 从图片识别：RD$ 75，请在审核台确认; 价格经二次OCR修正：75 → RD$ 175
vbab683120,Audífonos inalámbricos negros HiFi estéreo Bluetooth 5.4,"Audífonos inalámbricos negros HiFi estéreo Bluetooth 5.4

📦 Características:
• 无线
• 立体声
• 5.4版本
• 黑色
• 录音功能
• 平衡音频
• HiFi音质

💰 Precio: RD$ 580
✨ Estado: Nuevo
🚚 Disponible para entrega o recogida

🛒 VivaBien — Tu tienda de confianza en República Dominicana",VivaBien,Electrónicos y Tecnología,Electrónicos y Tecnología,TRUE,VBAB683120,580.0,,VBAB683120.jpg,无线耳机,电子数码,Electrónicos y Tecnología,"Shopify,Facebook Marketplace",价格由 AI 从图片识别：RD$ 580，请在审核台确认
vb93c9ee21,Teléfono fijo / residencial con alarma y pantalla,"Teléfono fijo / residencial con alarma y pantalla

📦 Características:
• 自动重拨
• 来电显示
• 6个月保修
• 音乐保持
• 闹钟功能

💰 Precio: RD$ 750
✨ Estado: Nuevo
🚚 Disponible para entrega o recogida

🛒 VivaBien — Tu tienda de confianza en República Dominicana",VivaBien,Electrónicos y Tecnología,Electrónicos y Tecnología,TRUE,VB93C9EE21,750.0,,VB93C9EE21.jpg,座机电话,电子数码,Electrónicos y Tecnología,"Shopify,Facebook Marketplace",价格由 AI 从图片识别：RD$ 750，请在审核台确认
vb76e6f164,Bocinas RGB / parlantes RGB en cubo 1 par compactas,"Bocinas RGB / parlantes RGB en cubo 1 par compactas

📦 Características:
• 一套
• RGB灯效
• 小型立方体

💰 Precio: RD$ 495
✨ Estado: Nuevo
🚚 Disponible para entrega o recogida

🛒 VivaBien — Tu tienda de confianza en República Dominicana",VivaBien,Electrónicos y Tecnología,Electrónicos y Tecnología,TRUE,VB76E6F164,495.0,,VB76E6F164.jpg,RGB音箱,电子数码,Electrónicos y Tecnología,"Shopify,Facebook Marketplace",价格由 AI 从图片识别：RD$ 495，请在审核台确认
vb6dc89dad,Audífonos inalámbricos / headphones Bluetooth V5.1 HD,"Audífonos inalámbricos / headphones Bluetooth V5.1 HD

📦 Características:
• 无线
• V5.1
• 高清麦克风
• 降噪
• 立体声
• 低音效果

💰 Precio: RD$ 545
✨ Estado: Nuevo
🚚 Disponible para entrega o recogida

🛒 VivaBien — Tu tienda de confianza en República Dominicana",VivaBien,Electrónicos y Tecnología,Electrónicos y Tecnología,TRUE,VB6DC89DAD,545.0,,VB6DC89DAD.jpg,无线耳机,电子数码,Electrónicos y Tecnología,"Shopify,Facebook Marketplace",⚠ 价格疑似识别有误（549.0），已自动修正为 RD$ 5490; 价格由 AI 从图片识别：RD$ 5490，请在审核台确认; 价格经二次OCR修正：549 → RD$ 545
vb3b90dc53,Radio solar / Bluetooth / USB / FM/AM/SW con luz LED,"Radio solar / Bluetooth / USB / FM/AM/SW con luz LED

📦 Características:
• 19.7x6.8x11.7cm
• 太阳能
• 蓝牙
• USB
• TF卡
• FM/AM/SW
• LED灯
• 锂电池

💰 Precio: RD$ 950
✨ Estado: Nuevo
🚚 Disponible para entrega o recogida

🛒 VivaBien — Tu tienda de confianza en República Dominicana",VivaBien,Electrónicos y Tecnología,Electrónicos y Tecnología,TRUE,VB3B90DC53,850,,VB3B90DC53.jpg,多功能收音机,电子数码,Electrónicos y Tecnología,"Shopify,Facebook Marketplace",价格由 AI 从图片识别：RD$ 950，请在审核台确认
vbd78caac7,Bocinas Bluetooth / Parlantes 2.1 con USB y soporte TF Card,"Bocinas Bluetooth / Parlantes 2.1 con USB y soporte TF Card

📦 Características:
• 2.1声道
• 支持蓝牙
• USB接口
• TF卡支持

💰 Precio: RD$ 550
✨ Estado: Nuevo
🚚 Disponible para entrega o recogida

🛒 VivaBien — Tu tienda de confianza en República Dominicana",VivaBien,Electrónicos y Tecnología,Electrónicos y Tecnología,TRUE,VBD78CAAC7,4500,,VBD78CAAC7.jpg,无线音箱套装,电子数码,Electrónicos y Tecnología,"Shopify,Facebook Marketplace",价格由 AI 从图片识别：RD$ 550，请在审核台确认
vb9b3f0fac,"Bocina inalámbrica / altavoz Bluetooth 4"" con micrófono portátil","Bocina inalámbrica / altavoz Bluetooth 4"" con micrófono portátil

📦 Características:
• 1个
• 4英寸
• 带麦克风
• 便携式

💰 Precio: RD$ 530
✨ Estado: Nuevo
🚚 Disponible para entrega o recogida

🛒 VivaBien — Tu tienda de confianza en República Dominicana",VivaBien,Electrónicos y Tecnología,Electrónicos y Tecnología,TRUE,VB9B3F0FAC,530.0,,VB9B3F0FAC.jpg,无线音箱,电子数码,Electrónicos y Tecnología,"Shopify,Facebook Marketplace",价格由 AI 从图片识别：RD$ 530，请在审核台确认
vbadebdd1d,Radio portátil AM/FM/SW con USB/TF/MP3 y linterna recargable,"Radio portátil AM/FM/SW con USB/TF/MP3 y linterna recargable

📦 Características:
• USB接口
• TF卡槽
• AM/FM/SW三波段
• MP3播放
• 充电电池
• 手电筒功能

💰 Precio: RD$ 810
✨ Estado: Nuevo
🚚 Disponible para entrega o recogida

🛒 VivaBien — Tu tienda de confianza en República Dominicana",VivaBien,Electrónicos y Tecnología,Electrónicos y Tecnología,TRUE,VBADEBDD1D,810.0,,VBADEBDD1D.jpg,便携收音机,电子数码,Electrónicos y Tecnología,"Shopify,Facebook Marketplace",价格由 AI 从图片识别：RD$ 810，请在审核台确认
vb3cf5f113,Micrófono dinámico / cardioide / alta fidelidad,"Micrófono dinámico / cardioide / alta fidelidad

📦 Características:
• 单向
• 高保真

💰 Precio: RD$ 340
✨ Estado: Nuevo
🚚 Disponible para entrega o recogida

🛒 VivaBien — Tu tienda de confianza en República Dominicana",VivaBien,Electrónicos y Tecnología,Electrónicos y Tecnología,TRUE,VB3CF5F113,340.0,,VB3CF5F113.jpg,动圈麦克风,电子数码,Electrónicos y Tecnología,"Shopify,Facebook Marketplace",价格由 AI 从图片识别：RD$ 340，请在审核台确认
vbdf9abf96,Aro de luz RGB con soporte / anillo LED multicolor,"Aro de luz RGB con soporte / anillo LED multicolor

📦 Características:
• RGB灯光
• 多种色温
• 夜间核心极限
• 填充光
• 带支架

💰 Precio: RD$ 565
✨ Estado: Nuevo
🚚 Disponible para entrega o recogida

🛒 VivaBien — Tu tienda de confianza en República Dominicana",VivaBien,Electrónicos y Tecnología,Electrónicos y Tecnología,TRUE,VBDF9ABF96,1645,,VBDF9ABF96.jpg,RGB环形灯,电子数码,Electrónicos y Tecnología,"Shopify,Facebook Marketplace",⚠ 价格疑似识别有误（568.0），已自动修正为 RD$ 5680; 价格由 AI 从图片识别：RD$ 5680，请在审核台确认; 价格经二次OCR修正：568 → RD$ 565
vb678c400b,Aro de luz LED multicolor / lámpara anillo 30cm,"Aro de luz LED multicolor / lámpara anillo 30cm

📦 Características:
• 多色温
• 夜间核心极致
• 中国制造

💰 Precio: RD$ 1375
✨ Estado: Nuevo
🚚 Disponible para entrega o recogida

🛒 VivaBien — Tu tienda de confianza en República Dominicana",VivaBien,Electrónicos y Tecnología,Electrónicos y Tecnología,TRUE,VB678C400B,1375.0,,VB678C400B.jpg,LED环形灯,电子数码,Electrónicos y Tecnología,"Shopify,Facebook Marketplace",价格由 AI 从图片识别：RD$ 175，请在审核台确认; 价格经二次OCR修正：175 → RD$ 1375
vbf8e8579a,Bocina inalámbrica / speaker 8 pulgadas 5000mAh,"Bocina inalámbrica / speaker 8 pulgadas 5000mAh

📦 Características:
• 8寸
• 5000mAh
• DC 5V
• 1套
• 4.1kg

💰 Precio: RD$ 175
✨ Estado: Nuevo
🚚 Disponible para entrega o recogida

🛒 VivaBien — Tu tienda de confianza en República Dominicana",VivaBien,数码配件,数码配件,TRUE,VBF8E8579A,3150,,VBF8E8579A.jpg,无线音箱,数码配件,数码配件,"Shopify,Facebook Marketplace",价格由 AI 从图片识别：RD$ 175，请在审核台确认
vb109ebf31,Bocina inalámbrica portátil RGB,"Bocina inalámbrica portátil RGB

📦 Características:
• RGB灯效
• 便携式
• 无线

💰 Precio: RD$ 175
✨ Estado: Nuevo
🚚 Disponible para entrega o recogida

🛒 VivaBien — Tu tienda de confianza en República Dominicana",VivaBien,,,TRUE,VB109EBF31,1150,,VB109EBF31.jpg,无线音箱,,,"Shopify,Facebook Marketplace",价格由 AI 从图片识别：RD$ 175，请在审核台确认
vbd41e6d24,Aro de luz RGB / lámpara LED multicolor,"Aro de luz RGB / lámpara LED multicolor

📦 Características:
• RGB
• 多色温
• 夜光模式
• 中国制造

💰 Precio: RD$ 565
✨ Estado: Nuevo
🚚 Disponible para entrega o recogida

🛒 VivaBien — Tu tienda de confianza en República Dominicana",VivaBien,Electrónicos y Tecnología,Electrónicos y Tecnología,TRUE,VBD41E6D24,1075,,VBD41E6D24.jpg,RGB环形灯,电子数码,Electrónicos y Tecnología,"Shopify,Facebook Marketplace",⚠ 价格疑似识别有误（58.0），已自动修正为 RD$ 580; 价格由 AI 从图片识别：RD$ 580，请在审核台确认; 价格经二次OCR修正：58 → RD$ 565
vb3ab90188,Bocina / parlante multimedia 12 pulgadas 5000mAh con micrófono,"Bocina / parlante multimedia 12 pulgadas 5000mAh con micrófono

📦 Características:
• 12寸
• 5000mAh
• 超重低音
• 带麦克风

💰 Precio: Consultar precio
✨ Estado: Nuevo
🚚 Disponible para entrega o recogida

🛒 VivaBien — Tu tienda de confianza en República Dominicana",VivaBien,Electrónicos y Tecnología,Electrónicos y Tecnología,TRUE,VB3AB90188,3180,,VB3AB90188.jpg,多媒体音箱,电子数码,Electrónicos y Tecnología,"Shopify,Facebook Marketplace",
vb71ece2ae,Bocina inalámbrica portátil / speaker 3 pulgadas luz azul,"Bocina inalámbrica portátil / speaker 3 pulgadas luz azul

📦 Características:
• 3英寸
• 蓝色灯光
• 便携式

💰 Precio: RD$ 30
✨ Estado: Nuevo
🚚 Disponible para entrega o recogida

🛒 VivaBien — Tu tienda de confianza en República Dominicana",VivaBien,Electrónicos y Tecnología,Electrónicos y Tecnología,TRUE,VB71ECE2AE,340,,VB71ECE2AE.jpg,无线音箱,电子数码,Electrónicos y Tecnología,"Shopify,Facebook Marketplace",⚠ 图片可能拍反，价格从旋转图中识别; ⚠ 价格疑似识别有误（3.0），已自动修正为 RD$ 30; 价格由 AI 从图片识别：RD$ 30，请在审核台确认
vbd41e6d24,Aro de luz RGB / lámpara LED multicolor,"Aro de luz RGB / lámpara LED multicolor

📦 Características:
• RGB
• 多色温
• 夜光模式
• 中国制造

💰 Precio: RD$ 565
✨ Estado: Nuevo
🚚 Disponible para entrega o recogida

🛒 VivaBien — Tu tienda de confianza en República Dominicana",VivaBien,Electrónicos y Tecnología,Electrónicos y Tecnología,TRUE,VBD41E6D24,1075,,VBD41E6D24.jpg,RGB环形灯,电子数码,Electrónicos y Tecnología,"Shopify,Facebook Marketplace",⚠ 价格疑似识别有误（58.0），已自动修正为 RD$ 580; 价格由 AI 从图片识别：RD$ 580，请在审核台确认; 价格经二次OCR修正：58 → RD$ 565
vbe89a8ec7,Bomba manual para agua de botellón / galón,"Bomba manual para agua de botellón / galón

📦 Características:
• 适用于桶装水
• 真空泵设计
• 易操作

💰 Precio: RD$ 125
✨ Estado: Nuevo
🚚 Disponible para entrega o recogida

🛒 VivaBien — Tu tienda de confianza en República Dominicana",VivaBien,Cocina y Hogar,Cocina y Hogar,TRUE,VBE89A8EC7,125.0,,VBE89A8EC7.jpg,手动饮水泵,厨房家居,Cocina y Hogar,"Shopify,Facebook Marketplace",价格由 AI 从图片识别：RD$ 125，请在审核台确认
vbe5f865bd,Greca / cafetera de acero inoxidable 12 tazas,"Greca / cafetera de acero inoxidable 12 tazas

📦 Características:
• 12杯
• 不锈钢

💰 Precio: RD$ 940
✨ Estado: Nuevo
🚚 Disponible para entrega o recogida

🛒 VivaBien — Tu tienda de confianza en República Dominicana",VivaBien,Cocina y Hogar,Cocina y Hogar,TRUE,VBE5F865BD,940.0,,VBE5F865BD.jpg,不锈钢咖啡壶,厨房家居,Cocina y Hogar,"Shopify,Facebook Marketplace",价格由 AI 从图片识别：RD$ 940，请在审核台确认
vbe0fc267f,Báscula de cocina / pesa alimentos 1kg con función tara,"Báscula de cocina / pesa alimentos 1kg con función tara

📦 Características:
• 最大1KG
• 11.7x11.7x15.3cm
• 弹簧结构
• 去皮功能

💰 Precio: RD$ 1200
✨ Estado: Nuevo
🚚 Disponible para entrega o recogida

🛒 VivaBien — Tu tienda de confianza en República Dominicana",VivaBien,Cocina y Hogar,Cocina y Hogar,TRUE,VBE0FC267F,190,,VBE0FC267F.jpg,厨房秤,厨房家居,Cocina y Hogar,"Shopify,Facebook Marketplace",价格由 AI 从图片识别：RD$ 190，请在审核台确认; 价格经二次OCR修正：190 → RD$ 1200
vbde4dbd1a,Cafetera eléctrica rápida 650W / 900ml / garantía 12 meses,"Cafetera eléctrica rápida 650W / 900ml / garantía 12 meses

📦 Características:
• 650W
• 900ml
• 12个月保修
• 多功能
• 快速准备

💰 Precio: RD$ 1520
✨ Estado: Nuevo
🚚 Disponible para entrega o recogida

🛒 VivaBien — Tu tienda de confianza en República Dominicana",VivaBien,Cocina y Hogar,Cocina y Hogar,TRUE,VBDE4DBD1A,1520.0,,VBDE4DBD1A.jpg,咖啡机,厨房家居,Cocina y Hogar,"Shopify,Facebook Marketplace",价格由 AI 从图片识别：RD$ 1520，请在审核台确认
vbdae9495e,Batidora de mano / mezcladora eléctrica 260W 7 velocidades,"Batidora de mano / mezcladora eléctrica 260W 7 velocidades

📦 Características:
• 7档调速
• 260W功率
• 轻便易握

💰 Precio: RD$ 415
✨ Estado: Nuevo
🚚 Disponible para entrega o recogida

🛒 VivaBien — Tu tienda de confianza en República Dominicana",VivaBien,Cocina y Hogar,Cocina y Hogar,TRUE,VBDAE9495E,415.0,,VBDAE9495E.jpg,手持搅拌器,厨房家居,Cocina y Hogar,"Shopify,Facebook Marketplace",价格由 AI 从图片识别：RD$ 415，请在审核台确认
vbd4569499,Estufa de gas / quemador de mesa metálico 1 hornilla,"Estufa de gas / quemador de mesa metálico 1 hornilla

📦 Características:
• 单灶
• 金属材质
• 台式设计

💰 Precio: RD$ 905
✨ Estado: Nuevo
🚚 Disponible para entrega o recogida

🛒 VivaBien — Tu tienda de confianza en República Dominicana",VivaBien,Cocina y Hogar,Cocina y Hogar,TRUE,VBD4569499,905.0,,VBD4569499.jpg,单灶燃气炉,厨房家居,Cocina y Hogar,"Shopify,Facebook Marketplace",价格由 AI 从图片识别：RD$ 905，请在审核台确认
vbd3724c01,Sandwichera eléctrica 750W / máquina de sándwich 110V,"Sandwichera eléctrica 750W / máquina de sándwich 110V

📦 Características:
• 750W
• AC 110V

💰 Precio: RD$ 1285
✨ Estado: Nuevo
🚚 Disponible para entrega o recogida

🛒 VivaBien — Tu tienda de confianza en República Dominicana",VivaBien,Cocina y Hogar,Cocina y Hogar,TRUE,VBD3724C01,1285,,VBD3724C01.jpg,三明治机,厨房家居,Cocina y Hogar,"Shopify,Facebook Marketplace",价格由 AI 从图片识别：RD$ 1285，请在审核台确认
vbd2c06714,Hornilla eléctrica / estufa eléctrica 1000W 155mm,"Hornilla eléctrica / estufa eléctrica 1000W 155mm

📦 Características:
• 1个
• 155mm
• 1000W
• 防过热
• 防粘涂层

💰 Precio: RD$ 415
✨ Estado: Nuevo
🚚 Disponible para entrega o recogida

🛒 VivaBien — Tu tienda de confianza en República Dominicana",VivaBien,Cocina y Hogar,Cocina y Hogar,TRUE,VBD2C06714,415.0,,VBD2C06714.jpg,电热单头炉,厨房家居,Cocina y Hogar,"Shopify,Facebook Marketplace",价格由 AI 从图片识别：RD$ 415，请在审核台确认
vbc90d3b6b,Picadora de ajo eléctrica 250ml rosada,"Picadora de ajo eléctrica 250ml rosada

📦 Características:
• 250ml
• 电动
• 粉色

💰 Precio: RD$ 285
✨ Estado: Nuevo
🚚 Disponible para entrega o recogida

🛒 VivaBien — Tu tienda de confianza en República Dominicana",VivaBien,Cocina y Hogar,Cocina y Hogar,TRUE,VBC90D3B6B,285.0,,VBC90D3B6B.jpg,电动蒜泥机,厨房家居,Cocina y Hogar,"Shopify,Facebook Marketplace",价格由 AI 从图片识别：RD$ 285，请在审核台确认
vb7548c931,Batidor manual plástico verde / Mini mezclador manual,"Batidor manual plástico verde / Mini mezclador manual

📦 Características:
• 绿色
• 塑料
• 手动

💰 Precio: RD$ 220
✨ Estado: Nuevo
🚚 Disponible para entrega o recogida

🛒 VivaBien — Tu tienda de confianza en República Dominicana",VivaBien,Cocina y Hogar,Cocina y Hogar,TRUE,VB7548C931,220.0,,VB7548C931.jpg,迷你手动搅拌器,厨房家居,Cocina y Hogar,"Shopify,Facebook Marketplace",价格由 AI 从图片识别：RD$ 220，请在审核台确认
vb72495129,Greca / cafetera moka 6 tazas de aluminio,"Greca / cafetera moka 6 tazas de aluminio

📦 Características:
• 6杯
• 铝制

💰 Precio: RD$ 450
✨ Estado: Nuevo
🚚 Disponible para entrega o recogida

🛒 VivaBien — Tu tienda de confianza en República Dominicana",VivaBien,Cocina y Hogar,Cocina y Hogar,TRUE,VB72495129,450.0,,VB72495129.jpg,摩卡咖啡壶,厨房家居,Cocina y Hogar,"Shopify,Facebook Marketplace",价格由 AI 从图片识别：RD$ 450，请在审核台确认
vb4e8a03ae,Licuadora eléctrica / batidora 250W 2.0L con accesorios,"Licuadora eléctrica / batidora 250W 2.0L con accesorios

📦 Características:
• 250W
• 2.0L
• 一套

💰 Precio: RD$ 1565
✨ Estado: Nuevo
🚚 Disponible para entrega o recogida

🛒 VivaBien — Tu tienda de confianza en República Dominicana",VivaBien,Cocina y Hogar,Cocina y Hogar,TRUE,VB4E8A03AE,1565.0,,VB4E8A03AE.jpg,电动搅拌机,厨房家居,Cocina y Hogar,"Shopify,Facebook Marketplace",价格由 AI 从图片识别：RD$ 1565，请在审核台确认
vb5591cf9f,Greca / cafetera moka roja aluminio 3 tazas,"Greca / cafetera moka roja aluminio 3 tazas

📦 Características:
• 3杯
• 铸铝材质
• 红色

💰 Precio: RD$ 280
✨ Estado: Nuevo
🚚 Disponible para entrega o recogida

🛒 VivaBien — Tu tienda de confianza en República Dominicana",VivaBien,Cocina y Hogar,Cocina y Hogar,TRUE,VB5591CF9F,1040,,VB5591CF9F.jpg,摩卡咖啡壶,厨房家居,Cocina y Hogar,"Shopify,Facebook Marketplace",价格由 AI 从图片识别：RD$ 280，请在审核台确认
vb3a2ca782,Parrilla eléctrica / plancha eléctrica antiadherente 12 meses garantía,"Parrilla eléctrica / plancha eléctrica antiadherente 12 meses garantía

📦 Características:
• 12个月保修
• 不粘涂层
• 电加热

💰 Precio: RD$ 1010
✨ Estado: Nuevo
🚚 Disponible para entrega o recogida

🛒 VivaBien — Tu tienda de confianza en República Dominicana",VivaBien,Cocina y Hogar,Cocina y Hogar,TRUE,VB3A2CA782,1010.0,,VB3A2CA782.jpg,电烤盘,厨房家居,Cocina y Hogar,"Shopify,Facebook Marketplace",价格由 AI 从图片识别：RD$ 1010，请在审核台确认
vb06660007,Greca / cafetera moka metálica 9 tazas,"Greca / cafetera moka metálica 9 tazas

📦 Características:
• 9杯
• 金属材质

💰 Precio: RD$ 720
✨ Estado: Nuevo
🚚 Disponible para entrega o recogida

🛒 VivaBien — Tu tienda de confianza en República Dominicana",VivaBien,Cocina y Hogar,Cocina y Hogar,TRUE,VB06660007,720.0,,VB06660007.jpg,摩卡壶,厨房家居,Cocina y Hogar,"Shopify,Facebook Marketplace",价格由 AI 从图片识别：RD$ 720，请在审核台确认
vb05aa5dff,Báscula digital de cocina / pesa electrónica blanca,"Báscula digital de cocina / pesa electrónica blanca

📦 Características:
• 1个
• 电子显示
• 白色

💰 Precio: RD$ 275
✨ Estado: Nuevo
🚚 Disponible para entrega o recogida

🛒 VivaBien — Tu tienda de confianza en República Dominicana",VivaBien,Cocina y Hogar,Cocina y Hogar,TRUE,VB05AA5DFF,275.0,,VB05AA5DFF.jpg,电子厨房秤,厨房家居,Cocina y Hogar,"Shopify,Facebook Marketplace",价格由 AI 从图片识别：RD$ 275，请在审核台确认
vbbeadaeee,Máquina para hacer pan / panificadora 650W fácil de usar,"Máquina para hacer pan / panificadora 650W fácil de usar

📦 Características:
• 650W
• 快速烹饪
• 易于使用
• 高质量

💰 Precio: RD$ 175
✨ Estado: Nuevo
🚚 Disponible para entrega o recogida

🛒 VivaBien — Tu tienda de confianza en República Dominicana",VivaBien,Cocina y Hogar,Cocina y Hogar,TRUE,VBBEADAEEE,1150,,VBBEADAEEE.jpg,面包机,厨房家居,Cocina y Hogar,"Shopify,Facebook Marketplace",价格由 AI 从图片识别：RD$ 175，请在审核台确认
vbb199fd5b,Mini donera eléctrica / máquina de donas roja 3 piezas,"Mini donera eléctrica / máquina de donas roja 3 piezas

📦 Características:
• 3个
• 红色
• 烹饪工具

💰 Precio: RD$ 575
✨ Estado: Nuevo
🚚 Disponible para entrega o recogida

🛒 VivaBien — Tu tienda de confianza en República Dominicana",VivaBien,Cocina y Hogar,Cocina y Hogar,TRUE,VBB199FD5B,575.0,,VBB199FD5B.jpg,迷你甜甜圈机,厨房家居,Cocina y Hogar,"Shopify,Facebook Marketplace",价格由 AI 从图片识别：RD$ 575，请在审核台确认
vba2404301,Sandwichera eléctrica 1400W / 24cm / 8 sándwiches,"Sandwichera eléctrica 1400W / 24cm / 8 sándwiches

📦 Características:
• 1400W
• 24CM
• 8孔

💰 Precio: RD$ 16
✨ Estado: Nuevo
🚚 Disponible para entrega o recogida

🛒 VivaBien — Tu tienda de confianza en República Dominicana",VivaBien,Cocina y Hogar,Cocina y Hogar,TRUE,VBA2404301,1605,,VBA2404301.jpg,三明治机,厨房家居,Cocina y Hogar,"Shopify,Facebook Marketplace",价格由 AI 从图片识别：RD$ 16，请在审核台确认
vba0581e31,Cafetera / máquina de café 6 tazas vidrio 1 año garantía,"Cafetera / máquina de café 6 tazas vidrio 1 año garantía

📦 Características:
• 6杯
• 玻璃壶
• 1年保修

💰 Precio: RD$ 1445
✨ Estado: Nuevo
🚚 Disponible para entrega o recogida

🛒 VivaBien — Tu tienda de confianza en República Dominicana",VivaBien,Cocina y Hogar,Cocina y Hogar,TRUE,VBA0581E31,1445.0,,VBA0581E31.jpg,咖啡机,厨房家居,Cocina y Hogar,"Shopify,Facebook Marketplace",价格由 AI 从图片识别：RD$ 1445，请在审核台确认
vb9d3cdf05,Picadora de carne / moledora 2500W 110V cuchillas acero,"Picadora de carne / moledora 2500W 110V cuchillas acero

📦 Características:
• 2500W
• 420 SS刀片
• 反转模式
• 金属切割盘
• 110V

💰 Precio: RD$ 2840
✨ Estado: Nuevo
🚚 Disponible para entrega o recogida

🛒 VivaBien — Tu tienda de confianza en República Dominicana",VivaBien,Cocina y Hogar,Cocina y Hogar,TRUE,VB9D3CDF05,2840.0,,VB9D3CDF05.jpg,绞肉机,厨房家居,Cocina y Hogar,"Shopify,Facebook Marketplace",价格由 AI 从图片识别：RD$ 2840，请在审核台确认
vb918f84c6,Envase plástico / caja plástica 3 semanas blanco,"Envase plástico / caja plástica 3 semanas blanco

📦 Características:
• 延长保鲜时间3周
• 白色
• 透明窗口

💰 Precio: RD$ 165
✨ Estado: Nuevo
🚚 Disponible para entrega o recogida

🛒 VivaBien — Tu tienda de confianza en República Dominicana",VivaBien,Cocina y Hogar,Cocina y Hogar,TRUE,VB918F84C6,165.0,,VB918F84C6.jpg,草本保鲜盒,厨房家居,Cocina y Hogar,"Shopify,Facebook Marketplace",价格由 AI 从图片识别：RD$ 65，请在审核台确认; 价格经二次OCR修正：65 → RD$ 165
vb8f49f942,Rebanador de papas manual de metal,"Rebanador de papas manual de metal

📦 Características:
• 金属材质
• 手动操作

💰 Precio: RD$ 580
✨ Estado: Nuevo
🚚 Disponible para entrega o recogida

🛒 VivaBien — Tu tienda de confianza en República Dominicana",VivaBien,Cocina y Hogar,Cocina y Hogar,TRUE,VB8F49F942,580.0,,VB8F49F942.jpg,土豆切片器,厨房家居,Cocina y Hogar,"Shopify,Facebook Marketplace",价格由 AI 从图片识别：RD$ 580，请在审核台确认
vb8c6682be,Máquina para waffles / gofres 1200W 1 año garantía,"Máquina para waffles / gofres 1200W 1 año garantía

📦 Características:
• 1200W
• 1年保修

💰 Precio: RD$ 1275
✨ Estado: Nuevo
🚚 Disponible para entrega o recogida

🛒 VivaBien — Tu tienda de confianza en República Dominicana",VivaBien,Cocina y Hogar,Cocina y Hogar,TRUE,VB8C6682BE,1275.0,,VB8C6682BE.jpg,华夫饼机,厨房家居,Cocina y Hogar,"Shopify,Facebook Marketplace",⚠ 价格疑似识别有误（129.0），已自动修正为 RD$ 1290; 价格由 AI 从图片识别：RD$ 1290，请在审核台确认; 价格经二次OCR修正：129 → RD$ 1275
vb8b360c1b,Cafetera moka / greca metálica 6 tazas,"Cafetera moka / greca metálica 6 tazas

📦 Características:
• 6杯
• 金属材质

💰 Precio: RD$ 510
✨ Estado: Nuevo
🚚 Disponible para entrega o recogida

🛒 VivaBien — Tu tienda de confianza en República Dominicana",VivaBien,Cocina y Hogar,Cocina y Hogar,TRUE,VB8B360C1B,510.0,,VB8B360C1B.jpg,摩卡壶,厨房家居,Cocina y Hogar,"Shopify,Facebook Marketplace",价格由 AI 从图片识别：RD$ 510，请在审核台确认
vb85d42a2b,Tostadora / máquina de pan 2 rebanadas 650W fácil limpiar,"Tostadora / máquina de pan 2 rebanadas 650W fácil limpiar

📦 Características:
• 2片
• 650W
• 易清洁
• 卡槽设计
• 快速省时

💰 Precio: RD$ 925
✨ Estado: Nuevo
🚚 Disponible para entrega o recogida

🛒 VivaBien — Tu tienda de confianza en República Dominicana",VivaBien,Cocina y Hogar,Cocina y Hogar,TRUE,VB85D42A2B,925.0,,VB85D42A2B.jpg,双槽烤面包机,厨房家居,Cocina y Hogar,"Shopify,Facebook Marketplace","价格由 AI 从图片识别：RD$ 925，请在审核台确认; ⚠️ AI 生图失败，可点「重新生图」重试: HTTPSConnectionPool(host='api.quickrouter.ai', port=443): Read timed out. (read timeout=120)"
vb20c196f5,Bomba de agua USB recargable / eléctrica,"Bomba de agua USB recargable / eléctrica

📦 Características:
• USB充电
• 一键开关
• 充电式

💰 Precio: RD$ 265
✨ Estado: Nuevo
🚚 Disponible para entrega o recogida

🛒 VivaBien — Tu tienda de confianza en República Dominicana",VivaBien,Cocina y Hogar,Cocina y Hogar,TRUE,VB20C196F5,265.0,,VB20C196F5.jpg,USB水泵,厨房家居,Cocina y Hogar,"Shopify,Facebook Marketplace",价格由 AI 从图片识别：RD$ 265，请在审核台确认
vb05aa5dff,Báscula digital de cocina / pesa electrónica blanca,"Báscula digital de cocina / pesa electrónica blanca

📦 Características:
• 1个
• 电子显示
• 白色

💰 Precio: RD$ 275
✨ Estado: Nuevo
🚚 Disponible para entrega o recogida

🛒 VivaBien — Tu tienda de confianza en República Dominicana",VivaBien,Cocina y Hogar,Cocina y Hogar,TRUE,VB05AA5DFF,275.0,,VB05AA5DFF.jpg,电子厨房秤,厨房家居,Cocina y Hogar,"Shopify,Facebook Marketplace",价格由 AI 从图片识别：RD$ 275，请在审核台确认
vb01e6f1f1,Licuadora / batidora multifuncional vidrio 2L 300W-1000W,"Licuadora / batidora multifuncional vidrio 2L 300W-1000W

📦 Características:
• 2L容量
• 300W-1000W功率范围
• 玻璃材质
• 多功能

💰 Precio: RD$ 1120
✨ Estado: Nuevo
🚚 Disponible para entrega o recogida

🛒 VivaBien — Tu tienda de confianza en República Dominicana",VivaBien,Cocina y Hogar,Cocina y Hogar,TRUE,VB01E6F1F1,1120.0,,VB01E6F1F1.jpg,多功能料理机,厨房家居,Cocina y Hogar,"Shopify,Facebook Marketplace",价格由 AI 从图片识别：RD$ 120，请在审核台确认; 价格经二次OCR修正：120 → RD$ 1120
vb01127056,Máquina para waffles / waflera 1000W antiadherente 3 años,"Máquina para waffles / waflera 1000W antiadherente 3 años

📦 Características:
• 1000W
• 不粘涂层
• 双面加热
• 易清洁
• 3年质保

💰 Precio: RD$ 1330
✨ Estado: Nuevo
🚚 Disponible para entrega o recogida

🛒 VivaBien — Tu tienda de confianza en República Dominicana",VivaBien,Cocina y Hogar,Cocina y Hogar,TRUE,VB01127056,1330.0,,VB01127056.jpg,华夫饼机,厨房家居,Cocina y Hogar,"Shopify,Facebook Marketplace",价格由 AI 从图片识别：RD$ 1330，请在审核台确认
vb04a55281,Bocina Bluetooth / parlante USB TWS con radio y AUX,"Bocina Bluetooth / parlante USB TWS con radio y AUX

📦 Características:
• USB播放
• 收音机模式
• AUX接口
• TWS功能

💰 Precio: RD$ 675
✨ Estado: Nuevo
🚚 Disponible para entrega o recogida

🛒 VivaBien — Tu tienda de confianza en República Dominicana",VivaBien,Electrónicos y Tecnología,Electrónicos y Tecnología,TRUE,VB04A55281,675.0,,VB04A55281.jpg,蓝牙音箱,电子数码,Electrónicos y Tecnología,"Shopify,Facebook Marketplace",价格由 AI 从图片识别：RD$ 675，请在审核台确认
vb1e0b2154,Mini máquina de donuts / donas 1200W 6 unidades,"Mini máquina de donuts / donas 1200W 6 unidades

📦 Características:
• 1200W
• 6个甜甜圈

💰 Precio: RD$ 720
✨ Estado: Nuevo
🚚 Disponible para entrega o recogida

🛒 VivaBien — Tu tienda de confianza en República Dominicana",VivaBien,Cocina y Hogar,Cocina y Hogar,TRUE,VB1E0B2154,720.0,,VB1E0B2154.jpg,迷你甜甜圈机,厨房家居,Cocina y Hogar,"Shopify,Facebook Marketplace",价格由 AI 从图片识别：RD$ 720，请在审核台确认
vb20d24f93,Sanduchera / máquina de sándwich 900W,"Sanduchera / máquina de sándwich 900W

📦 Características:
• 900W

💰 Precio: RD$ 1785
✨ Estado: Nuevo
🚚 Disponible para entrega o recogida

🛒 VivaBien — Tu tienda de confianza en República Dominicana",VivaBien,Cocina y Hogar,Cocina y Hogar,TRUE,VB20D24F93,1785.0,,VB20D24F93.jpg,三明治机,厨房家居,Cocina y Hogar,"Shopify,Facebook Marketplace",价格由 AI 从图片识别：RD$ 175，请在审核台确认; 价格经二次OCR修正：175 → RD$ 1785
vb28715cb8,Máquina para barquillos / conos 1200W LED fácil limpiar,"Máquina para barquillos / conos 1200W LED fácil limpiar

📦 Características:
• 1200W
• LED灯
• 快速加热
• 易清洁

💰 Precio: RD$ 15
✨ Estado: Nuevo
🚚 Disponible para entrega o recogida

🛒 VivaBien — Tu tienda de confianza en República Dominicana",VivaBien,Cocina y Hogar,Cocina y Hogar,TRUE,VB28715CB8,1540,,VB28715CB8.jpg,蛋筒机,厨房家居,Cocina y Hogar,"Shopify,Facebook Marketplace",价格由 AI 从图片识别：RD$ 15，请在审核台确认
vb28bf5bf4,Máquina de desayuno 7.4L / cafetera 400ml / 1050W roja,"Máquina de desayuno 7.4L / cafetera 400ml / 1050W roja

📦 Características:
• 7.4L容量
• 400ml咖啡壶
• 1050W功率
• 温度控制
• 视觉玻璃门
• 红色

💰 Precio: RD$ 325
✨ Estado: Nuevo
🚚 Disponible para entrega o recogida

🛒 VivaBien — Tu tienda de confianza en República Dominicana",VivaBien,Cocina y Hogar,Cocina y Hogar,TRUE,VB28BF5BF4,3255,,VB28BF5BF4.jpg,早餐机,厨房家居,Cocina y Hogar,"Shopify,Facebook Marketplace",价格由 AI 从图片识别：RD$ 325，请在审核台确认
vb6b71b65b,Máquina manual para comida de bebé / procesador 1.5L,"Máquina manual para comida de bebé / procesador 1.5L

📦 Características:
• 1.5L
• 手动操作
• 多功能
• 婴儿辅食

💰 Precio: RD$ 4
✨ Estado: Nuevo
🚚 Disponible para entrega o recogida

🛒 VivaBien — Tu tienda de confianza en República Dominicana",VivaBien,Bebés y Maternidad,Bebés y Maternidad,TRUE,VB6B71B65B,435,,VB6B71B65B.jpg,手动辅食机,母婴用品,Bebés y Maternidad,"Shopify,Facebook Marketplace",⚠ 价格 4.35 尾数异常（多米尼加价格结尾应为0或5），请人工核对; 价格由 AI 从图片识别：RD$ 4，请在审核台确认
vb78ee89f4,Pinza / prensa manual plástica azul,"Pinza / prensa manual plástica azul

📦 Características:
• 蓝色
• 塑料材质
• 手持设计

💰 Precio: Consultar precio
✨ Estado: Nuevo
🚚 Disponible para entrega o recogida

🛒 VivaBien — Tu tienda de confianza en República Dominicana",VivaBien,Herramientas y Ferretería,Herramientas y Ferretería,TRUE,VB78EE89F4,50,,VB78EE89F4.jpg,手握式夹具,工具五金,Herramientas y Ferretería,"Shopify,Facebook Marketplace",
vb6438a930,Estufa de gas / fogón de mesa 2 quemadores vidrio negro-rojo,"Estufa de gas / fogón de mesa 2 quemadores vidrio negro-rojo

📦 Características:
• 2个炉头
• 玻璃面板
• 黑红配色

💰 Precio: RD$ 1210
✨ Estado: Nuevo
🚚 Disponible para entrega o recogida

🛒 VivaBien — Tu tienda de confianza en República Dominicana",VivaBien,Cocina y Hogar,Cocina y Hogar,TRUE,VB6438A930,2210,,VB6438A930.jpg,双头燃气灶,厨房家居,Cocina y Hogar,"Shopify,Facebook Marketplace",价格由 AI 从图片识别：RD$ 1210，请在审核台确认
vb5df37605,Cafetera de goteo / cafetera eléctrica 6 tazas 650ml 110V~127V,"Cafetera de goteo / cafetera eléctrica 6 tazas 650ml 110V~127V

📦 Características:
• 6杯
• 650ml
• 110V~127V
• 防滴漏系统
• 保温功能

💰 Precio: RD$ 1020
✨ Estado: Nuevo
🚚 Disponible para entrega o recogida

🛒 VivaBien — Tu tienda de confianza en República Dominicana",VivaBien,Cocina y Hogar,Cocina y Hogar,TRUE,VB5DF37605,1020.0,,VB5DF37605.jpg,滴漏式咖啡机,厨房家居,Cocina y Hogar,"Shopify,Facebook Marketplace",价格由 AI 从图片识别：RD$ 1020，请在审核台确认
vb7bc4432a,Calentador de agua eléctrico / hervidor 2.0L color verde,"Calentador de agua eléctrico / hervidor 2.0L color verde

📦 Características:
• 2.0L
• 浅绿色
• 电加热

💰 Precio: RD$ 1400
✨ Estado: Nuevo
🚚 Disponible para entrega o recogida

🛒 VivaBien — Tu tienda de confianza en República Dominicana",VivaBien,Cocina y Hogar,Cocina y Hogar,TRUE,VB7BC4432A,1400.0,,VB7BC4432A.jpg,电热水壶,厨房家居,Cocina y Hogar,"Shopify,Facebook Marketplace",价格由 AI 从图片识别：RD$ 1400，请在审核台确认
vb449ac0fa,Estufa eléctrica portátil / hornilla eléctrica doble 2000W,"Estufa eléctrica portátil / hornilla eléctrica doble 2000W

📦 Características:
• 2000W
• 双炉
• 防过热保护
• 防粘涂层
• 5档温控

💰 Precio: RD$ 305
✨ Estado: Nuevo
🚚 Disponible para entrega o recogida

🛒 VivaBien — Tu tienda de confianza en República Dominicana",VivaBien,Cocina y Hogar,Cocina y Hogar,TRUE,VB449AC0FA,1060,,VB449AC0FA.jpg,便携电炉,厨房家居,Cocina y Hogar,"Shopify,Facebook Marketplace",价格由 AI 从图片识别：RD$ 305，请在审核台确认
vb3356a5cc,Picador / cortador de vegetales 14 piezas BPA free,"Picador / cortador de vegetales 14 piezas BPA free

📦 Características:
• 14件
• BPA/PFTE free
• 切片
• 切丁
• 刨丝

💰 Precio: RD$ 475
✨ Estado: Nuevo
🚚 Disponible para entrega o recogida

🛒 VivaBien — Tu tienda de confianza en República Dominicana",VivaBien,Cocina y Hogar,Cocina y Hogar,TRUE,VB3356A5CC,475.0,,VB3356A5CC.jpg,多功能切菜器,厨房家居,Cocina y Hogar,"Shopify,Facebook Marketplace",价格由 AI 从图片识别：RD$ 475，请在审核台确认
vbc8404a23,Máquina de desayuno / sandwichera / horno 1200W,"Máquina de desayuno / sandwichera / horno 1200W

📦 Características:
• 1200W

💰 Precio: RD$ 175
✨ Estado: Nuevo
🚚 Disponible para entrega o recogida

🛒 VivaBien — Tu tienda de confianza en República Dominicana",VivaBien,Cocina y Hogar,Cocina y Hogar,TRUE,VBC8404A23,1150,,VBC8404A23.jpg,早餐机,厨房家居,Cocina y Hogar,"Shopify,Facebook Marketplace",价格由 AI 从图片识别：RD$ 175，请在审核台确认
vbfe99a430,Mini lámpara uñas UV/LED verde 1 unidad,"Mini lámpara uñas UV/LED verde 1 unidad

📦 Características:
• 1个
• UV/LED
• 绿色

💰 Precio: RD$ 180
✨ Estado: Nuevo
🚚 Disponible para entrega o recogida

🛒 VivaBien — Tu tienda de confianza en República Dominicana",VivaBien,Belleza y Cuidado Personal,Belleza y Cuidado Personal,TRUE,VBFE99A430,180.0,,VBFE99A430.jpg,迷你美甲灯,美容个护,Belleza y Cuidado Personal,"Shopify,Facebook Marketplace",价格由 AI 从图片识别：RD$ 180，请在审核台确认
vbfb655ddb,Vaselina bebé natural 125g coco / vitamina E / hipoalergénica,"Vaselina bebé natural 125g coco / vitamina E / hipoalergénica

📦 Características:
• 125g
• 椰子味
• 维生素E
• 低敏
• 无防腐剂

💰 Precio: RD$ 175
✨ Estado: Nuevo
🚚 Disponible para entrega o recogida

🛒 VivaBien — Tu tienda de confianza en República Dominicana",VivaBien,Bebés y Maternidad,Bebés y Maternidad,TRUE,VBFB655DDB,175.0,,VBFB655DDB.jpg,婴儿天然凡士林,母婴用品,Bebés y Maternidad,"Shopify,Facebook Marketplace",价格由 AI 从图片识别：RD$ 175，请在审核台确认
vbf7f3595c,Talco para bebé / polvo para niños 4oz larga duración,"Talco para bebé / polvo para niños 4oz larga duración

📦 Características:
• 4oz
• 长效清新
• 儿童用

💰 Precio: RD$ 115
✨ Estado: Nuevo
🚚 Disponible para entrega o recogida

🛒 VivaBien — Tu tienda de confianza en República Dominicana",VivaBien,Bebés y Maternidad,Bebés y Maternidad,TRUE,VBF7F3595C,115.0,,VBF7F3595C.jpg,婴儿爽身粉,母婴用品,Bebés y Maternidad,"Shopify,Facebook Marketplace",价格由 AI 从图片识别：RD$ 115，请在审核台确认
vbf7a85a3e,Cabeza de práctica plástica / maniquí de entrenamiento 1 unidad,"Cabeza de práctica plástica / maniquí de entrenamiento 1 unidad

📦 Características:
• 1个
• 塑料材质

💰 Precio: RD$ 490
✨ Estado: Nuevo
🚚 Disponible para entrega o recogida

🛒 VivaBien — Tu tienda de confianza en República Dominicana",VivaBien,Belleza y Cuidado Personal,Belleza y Cuidado Personal,TRUE,VBF7A85A3E,490.0,,VBF7A85A3E.jpg,练习假人头,美容个护,Belleza y Cuidado Personal,"Shopify,Facebook Marketplace",价格由 AI 从图片识别：RD$ 490，请在审核台确认
vbf7a05446,Colonia para bebé / splash infantil 236ml aroma duradero,"Colonia para bebé / splash infantil 236ml aroma duradero

📦 Características:
• 236ml
• 黄色瓶身
• 持久清香

💰 Precio: RD$ 205
✨ Estado: Nuevo
🚚 Disponible para entrega o recogida

🛒 VivaBien — Tu tienda de confianza en República Dominicana",VivaBien,Bebés y Maternidad,Bebés y Maternidad,TRUE,VBF7A05446,205.0,,VBF7A05446.jpg,婴儿古龙水,母婴用品,Bebés y Maternidad,"Shopify,Facebook Marketplace",价格由 AI 从图片识别：RD$ 205，请在审核台确认
vbf11f156b,Recortador de vellos nasales USB batería litio,"Recortador de vellos nasales USB batería litio

📦 Características:
• USB充电
• 高性能锂电池
• 锋利刀头
• 无皮肤损伤

💰 Precio: RD$ 260
✨ Estado: Nuevo
🚚 Disponible para entrega o recogida

🛒 VivaBien — Tu tienda de confianza en República Dominicana",VivaBien,Belleza y Cuidado Personal,Belleza y Cuidado Personal,TRUE,VBF11F156B,260.0,,VBF11F156B.jpg,鼻毛修剪器,美容个护,Belleza y Cuidado Personal,"Shopify,Facebook Marketplace",价格由 AI 从图片识别：RD$ 260，请在审核台确认
vbf0a38537,Cojín para uñas / almohadilla de manicure,"Neceser / estuche de maquillaje rosado portátil

📦 Características:
• 粉色
• 几何图案
• 便携

💰 Precio: Consultar precio
✨ Estado: Nuevo
🚚 Disponible para entrega o recogida

🛒 VivaBien — Tu tienda de confianza en República Dominicana",VivaBien,Belleza y Cuidado Personal,Belleza y Cuidado Personal,TRUE,VBF0A38537,150,,VBF0A38537.jpg,美甲用的垫手包（垫在手下面的包）,美容个护,Belleza y Cuidado Personal,"Shopify,Facebook Marketplace",
vbec53251f,Vaselina / crema hidratante 226g,"Vaselina / crema hidratante 226g

📦 Características:
• 226g
• 保湿

💰 Precio: RD$ 135
✨ Estado: Nuevo
🚚 Disponible para entrega o recogida

🛒 VivaBien — Tu tienda de confianza en República Dominicana",VivaBien,Belleza y Cuidado Personal,Belleza y Cuidado Personal,TRUE,VBEC53251F,135.0,,VBEC53251F.jpg,凡士林,美容个护,Belleza y Cuidado Personal,"Shopify,Facebook Marketplace",价格由 AI 从图片识别：RD$ 135，请在审核台确认
vbe94e4f85,Spray desinfectante 70% alcohol botella transparente,"Spray desinfectante 70% alcohol botella transparente

📦 Características:
• 70%
• 喷雾
• 透明瓶
• 容量未知

💰 Precio: RD$ 120
✨ Estado: Nuevo
🚚 Disponible para entrega o recogida

🛒 VivaBien — Tu tienda de confianza en República Dominicana",VivaBien,Belleza y Cuidado Personal,Belleza y Cuidado Personal,TRUE,VBE94E4F85,120.0,,VBE94E4F85.jpg,70%酒精喷雾,美容个护,Belleza y Cuidado Personal,"Shopify,Facebook Marketplace",价格由 AI 从图片识别：RD$ 120，请在审核台确认
vbe8e607a7,Kit de cuidado para bebé / talco / champú / aceite,"Kit de cuidado para bebé / talco / champú / aceite

📦 Características:
• 一套
• 含爽身粉
• 洗发水
• 婴儿油

💰 Precio: RD$ 50
✨ Estado: Nuevo
🚚 Disponible para entrega o recogida

🛒 VivaBien — Tu tienda de confianza en República Dominicana",VivaBien,Bebés y Maternidad,Bebés y Maternidad,TRUE,VBE8E607A7,520,,VBE8E607A7.jpg,婴儿护理套装,母婴用品,Bebés y Maternidad,"Shopify,Facebook Marketplace",价格由 AI 从图片识别：RD$ 50，请在审核台确认
vbe3fac5e7,Cortador de cejas eléctrico blanco,"Cortador de cejas eléctrico blanco

📦 Características:
• 电动
• 白色
• 修眉功能

💰 Precio: RD$ 350
✨ Estado: Nuevo
🚚 Disponible para entrega o recogida

🛒 VivaBien — Tu tienda de confianza en República Dominicana",VivaBien,Belleza y Cuidado Personal,Belleza y Cuidado Personal,TRUE,VBE3FAC5E7,350.0,,VBE3FAC5E7.jpg,电动修眉器,美容个护,Belleza y Cuidado Personal,"Shopify,Facebook Marketplace",价格由 AI 从图片识别：RD$ 350，请在审核台确认
vbdf8304a1,Talco para pies / polvo antimicótico 85g antibacterial,"Talco para pies / polvo antimicótico 85g antibacterial

📦 Características:
• 85g
• 抗菌
• 抗真菌
• 外用

💰 Precio: RD$ 255
✨ Estado: Nuevo
🚚 Disponible para entrega o recogida

🛒 VivaBien — Tu tienda de confianza en República Dominicana",VivaBien,Belleza y Cuidado Personal,Belleza y Cuidado Personal,TRUE,VBDF8304A1,255.0,,VBDF8304A1.jpg,抗菌足部粉,美容个护,Belleza y Cuidado Personal,"Shopify,Facebook Marketplace",价格由 AI 从图片识别：RD$ 255，请在审核台确认
vbd8415a42,Crema para bebé / loción infantil con aceite de aguacate,"Crema para bebé / loción infantil con aceite de aguacate

📦 Características:
• 容量未知
• 含鳄梨油
• 低敏
• 无防腐剂

💰 Precio: RD$ 20
✨ Estado: Nuevo
🚚 Disponible para entrega o recogida

🛒 VivaBien — Tu tienda de confianza en República Dominicana",VivaBien,Bebés y Maternidad,Bebés y Maternidad,TRUE,VBD8415A42,20.0,,VBD8415A42.jpg,婴儿润肤乳,母婴用品,Bebés y Maternidad,"Shopify,Facebook Marketplace",价格由 AI 从图片识别：RD$ 20，请在审核台确认
vbd4473a09,Crema hidratante bebé / loción 250ml lavanda ayuda dormir,"Crema hidratante bebé / loción 250ml lavanda ayuda dormir

📦 Características:
• 250ml
• 薰衣草香
• 保湿
• 助眠

💰 Precio: RD$ 225
✨ Estado: Nuevo
🚚 Disponible para entrega o recogida

🛒 VivaBien — Tu tienda de confianza en República Dominicana",VivaBien,Bebés y Maternidad,Bebés y Maternidad,TRUE,VBD4473A09,225.0,,VBD4473A09.jpg,婴儿润肤乳,母婴用品,Bebés y Maternidad,"Shopify,Facebook Marketplace","价格由 AI 从图片识别：RD$ 220，请在审核台确认; 价格经二次OCR修正：220 → RD$ 225; ⚠️ AI 生图失败，可点「重新生图」重试: HTTPSConnectionPool(host='api.quickrouter.ai', port=443): Read timed out. (read timeout=120)"
vbd2403160,Crema depilatoria 150ml / crema para remover vello,"Crema depilatoria 150ml / crema para remover vello

📦 Características:
• 150ml
• 温和配方
• 延缓毛发生长

💰 Precio: RD$ 300
✨ Estado: Nuevo
🚚 Disponible para entrega o recogida

🛒 VivaBien — Tu tienda de confianza en República Dominicana",VivaBien,Belleza y Cuidado Personal,Belleza y Cuidado Personal,TRUE,VBD2403160,300.0,,VBD2403160.jpg,脱毛膏,美容个护,Belleza y Cuidado Personal,"Shopify,Facebook Marketplace",价格由 AI 从图片识别：RD$ 300，请在审核台确认
vbcff0f6d2,Frasco gotero / envase de vidrio ámbar con tapa滴管,"Frasco gotero / envase de vidrio ámbar con tapa滴管

📦 Características:
• 容量未知
• 棕色玻璃
• 带滴管

💰 Precio: RD$ 80
✨ Estado: Nuevo
🚚 Disponible para entrega o recogida

🛒 VivaBien — Tu tienda de confianza en República Dominicana",VivaBien,Belleza y Cuidado Personal,Belleza y Cuidado Personal,TRUE,VBCFF0F6D2,80.0,,VBCFF0F6D2.jpg,棕色滴管瓶,美容个护,Belleza y Cuidado Personal,"Shopify,Facebook Marketplace",价格由 AI 从图片识别：RD$ 80，请在审核台确认
vbcc1ec562,Lámpara LED/UV para uñas 48W,"Lámpara LED/UV para uñas 48W

📦 Características:
• 48W
• LED/UV灯

💰 Precio: RD$ 895
✨ Estado: Nuevo
🚚 Disponible para entrega o recogida

🛒 VivaBien — Tu tienda de confianza en República Dominicana",VivaBien,Belleza y Cuidado Personal,Belleza y Cuidado Personal,TRUE,VBCC1EC562,480,,VBCC1EC562.jpg,LED美甲灯,美容个护,Belleza y Cuidado Personal,"Shopify,Facebook Marketplace",价格由 AI 从图片识别：RD$ 895，请在审核台确认
vbcbd74233,Ambientador / aromatizante naranja con tapa,"Ambientador / aromatizante naranja con tapa

📦 Características:
• 橙色
• 带盖

💰 Precio: RD$ 35
✨ Estado: Nuevo
🚚 Disponible para entrega o recogida

🛒 VivaBien — Tu tienda de confianza en República Dominicana",VivaBien,Decoración del Hogar,Decoración del Hogar,TRUE,VBCBD74233,35.0,,VBCBD74233.jpg,空气清新剂,家居装饰,Decoración del Hogar,"Shopify,Facebook Marketplace",价格由 AI 从图片识别：RD$ 35，请在审核台确认
vbc9dbd489,Kit eléctrico para uñas / pedicure 25000 RPM dorado,"Kit eléctrico para uñas / pedicure 25000 RPM dorado

📦 Características:
• 一套
• 25000转速
• 金色
• 电动

💰 Precio: RD$ 1800
✨ Estado: Nuevo
🚚 Disponible para entrega o recogida

🛒 VivaBien — Tu tienda de confianza en República Dominicana",VivaBien,Belleza y Cuidado Personal,Belleza y Cuidado Personal,TRUE,VBC9DBD489,1800.0,,VBC9DBD489.jpg,美甲修足套装,美容个护,Belleza y Cuidado Personal,"Shopify,Facebook Marketplace",价格由 AI 从图片识别：RD$ 1800，请在审核台确认
vbc5a63e07,Pulidora / Dremel eléctrica roja ajustable para tallar,"Pulidora / Dremel eléctrica roja ajustable para tallar

📦 Características:
• 可调速
• 红色
• 电动
• 适用于打磨、雕刻、抛光

💰 Precio: RD$ 375
✨ Estado: Nuevo
🚚 Disponible para entrega o recogida

🛒 VivaBien — Tu tienda de confianza en República Dominicana",VivaBien,Herramientas y Ferretería,Herramientas y Ferretería,TRUE,VBC5A63E07,375.0,,VBC5A63E07.jpg,旋转刻磨机,工具五金,Herramientas y Ferretería,"Shopify,Facebook Marketplace",价格由 AI 从图片识别：RD$ 375，请在审核台确认
vbc51f68b2,Uñas postizas / tips naturales 240 piezas antirotura,"Uñas postizas / tips naturales 240 piezas antirotura

📦 Características:
• 240片
• 自然色
• 软胶材质
• 抗断裂

💰 Precio: RD$ 280
✨ Estado: Nuevo
🚚 Disponible para entrega o recogida

🛒 VivaBien — Tu tienda de confianza en República Dominicana",VivaBien,Belleza y Cuidado Personal,Belleza y Cuidado Personal,TRUE,VBC51F68B2,280.0,,VBC51F68B2.jpg,指甲贴片,美容个护,Belleza y Cuidado Personal,"Shopify,Facebook Marketplace",价格由 AI 从图片识别：RD$ 280，请在审核台确认
vbc4e9bb07,Uñas postizas / tips / uñas acrílicas blancas 10 tamaños,"Uñas postizas / tips / uñas acrílicas blancas 10 tamaños

📦 Características:
• 10种尺寸
• 白色
• 塑料材质

💰 Precio: RD$ 270
✨ Estado: Nuevo
🚚 Disponible para entrega o recogida

🛒 VivaBien — Tu tienda de confianza en República Dominicana",VivaBien,Belleza y Cuidado Personal,Belleza y Cuidado Personal,TRUE,VBC4E9BB07,270.0,,VBC4E9BB07.jpg,假指甲片,美容个护,Belleza y Cuidado Personal,"Shopify,Facebook Marketplace",价格由 AI 从图片识别：RD$ 270，请在审核台确认
vbc22d7ed1,Calentador de cera / depiladora con ventana y envase aluminio,"Calentador de cera / depiladora con ventana y envase aluminio

📦 Características:
• 透明窗
• 额外铝制容器

💰 Precio: RD$ 375
✨ Estado: Nuevo
🚚 Disponible para entrega o recogida

🛒 VivaBien — Tu tienda de confianza en República Dominicana",VivaBien,Belleza y Cuidado Personal,Belleza y Cuidado Personal,TRUE,VBC22D7ED1,375.0,,VBC22D7ED1.jpg,脱毛加热器,美容个护,Belleza y Cuidado Personal,"Shopify,Facebook Marketplace",价格由 AI 从图片识别：RD$ 375，请在审核台确认
vbc040446a,Limas eléctricas / pulidoras de uñas 5 piezas,"Kit de accesorios metálicos / piezas metálicas 1 set

📦 Características:
• 一套
• 金属材质

💰 Precio: RD$ 295
✨ Estado: Nuevo
🚚 Disponible para entrega o recogida

🛒 VivaBien — Tu tienda de confianza en República Dominicana",VivaBien,Belleza y Cuidado Personal,Belleza y Cuidado Personal,TRUE,VBC040446A,295.0,,VBC040446A.jpg,电动美甲修甲的那个替换的，应该叫什么来着？,美容个护,Belleza y Cuidado Personal,"Shopify,Facebook Marketplace",价格由 AI 从图片识别：RD$ 295，请在审核台确认
vbbf2c1663,Papel facial / toallitas para maquillaje 100 hojas,"Bloques blancos rectangulares

📦 Características:
• 白色
• 长方形

💰 Precio: RD$ 145
✨ Estado: Nuevo
🚚 Disponible para entrega o recogida

🛒 VivaBien — Tu tienda de confianza en República Dominicana",VivaBien,Belleza y Cuidado Personal,Belleza y Cuidado Personal,TRUE,VBBF2C1663,145.0,,VBBF2C1663.jpg,化妆纸,美容个护,Belleza y Cuidado Personal,"Shopify,Facebook Marketplace",价格由 AI 从图片识别：RD$ 145，请在审核台确认
vbbc3694c7,Lámpara para uñas / secador de uñas 268W 216mmx108mmx195mm,"Lámpara para uñas / secador de uñas 268W 216mmx108mmx195mm

📦 Características:
• 268W
• 216mmx108mmx195mm
• 100-240 Vac
• 50/60Hz 1A

💰 Precio: RD$ 810
✨ Estado: Nuevo
🚚 Disponible para entrega o recogida

🛒 VivaBien — Tu tienda de confianza en República Dominicana",VivaBien,Belleza y Cuidado Personal,Belleza y Cuidado Personal,TRUE,VBBC3694C7,810.0,,VBBC3694C7.jpg,美甲灯,美容个护,Belleza y Cuidado Personal,"Shopify,Facebook Marketplace",价格由 AI 从图片识别：RD$ 810，请在审核台确认
vbb598f48d,Kit eléctrico multifuncional uñas / pedicura 12 piezas,"Kit eléctrico multifuncional uñas / pedicura 12 piezas

📦 Características:
• 一套
• 电动
• 多功能

💰 Precio: RD$ 1075
✨ Estado: Nuevo
🚚 Disponible para entrega o recogida

🛒 VivaBien — Tu tienda de confianza en República Dominicana",VivaBien,Belleza y Cuidado Personal,Belleza y Cuidado Personal,TRUE,VBB598F48D,1075.0,,VBB598F48D.jpg,美甲修脚套装,美容个护,Belleza y Cuidado Personal,"Shopify,Facebook Marketplace",价格由 AI 从图片识别：RD$ 1075，请在审核台确认
vbb31427e9,Hisopos / aplicadores / cotonetes de madera caja 200 unidades,"Hisopos / aplicadores / cotonetes de madera caja 200 unidades

📦 Características:
• 木质杆
• 带盒装

💰 Precio: RD$ 80
✨ Estado: Nuevo
🚚 Disponible para entrega o recogida

🛒 VivaBien — Tu tienda de confianza en República Dominicana",VivaBien,Belleza y Cuidado Personal,Belleza y Cuidado Personal,TRUE,VBB31427E9,80.0,,VBB31427E9.jpg,棉签,美容个护,Belleza y Cuidado Personal,"Shopify,Facebook Marketplace",价格由 AI 从图片识别：RD$ 80，请在审核台确认
vbb2cc6bd9,Champú / jabón líquido de bebé 2 en 1 lavanda 120ml,"Champú / jabón líquido de bebé 2 en 1 lavanda 120ml

📦 Características:
• 120ml
• 薰衣草香型
• 二合一

💰 Precio: RD$ 85
✨ Estado: Nuevo
🚚 Disponible para entrega o recogida

🛒 VivaBien — Tu tienda de confianza en República Dominicana",VivaBien,Bebés y Maternidad,Bebés y Maternidad,TRUE,VBB2CC6BD9,85.0,,VBB2CC6BD9.jpg,婴儿洗护,母婴用品,Bebés y Maternidad,"Shopify,Facebook Marketplace",价格由 AI 从图片识别：RD$ 85，请在审核台确认
vbb1ed05d6,Pegamento para uñas / Gel adhesivo 30ml secado rápido,"Pegamento para uñas / Gel adhesivo 30ml secado rápido

📦 Características:
• 30ml
• 快速固化
• 黑色包装

💰 Precio: RD$ 180
✨ Estado: Nuevo
🚚 Disponible para entrega o recogida

🛒 VivaBien — Tu tienda de confianza en República Dominicana",VivaBien,Belleza y Cuidado Personal,Belleza y Cuidado Personal,TRUE,VBB1ED05D6,180.0,,VBB1ED05D6.jpg,指甲胶,美容个护,Belleza y Cuidado Personal,"Shopify,Facebook Marketplace",价格由 AI 从图片识别：RD$ 180，请在审核台确认
vbb01ef2fa,Mano de práctica uñas 1 unidad plástico rosado,"Mano de práctica uñas 1 unidad plástico rosado

📦 Características:
• 1个
• 粉色
• 塑料

💰 Precio: RD$ 270
✨ Estado: Nuevo
🚚 Disponible para entrega o recogida

🛒 VivaBien — Tu tienda de confianza en República Dominicana",VivaBien,Belleza y Cuidado Personal,Belleza y Cuidado Personal,TRUE,VBB01EF2FA,270.0,,VBB01EF2FA.jpg,美甲练习手,美容个护,Belleza y Cuidado Personal,"Shopify,Facebook Marketplace",价格由 AI 从图片识别：RD$ 270，请在审核台确认
vbaf0f9ed1,Spray de alcohol 85% / antibacterial 4oz,"Spray de alcohol 85% / antibacterial 4oz

📦 Características:
• 85%
• 4oz
• 抗菌

💰 Precio: RD$ 110
✨ Estado: Nuevo
🚚 Disponible para entrega o recogida

🛒 VivaBien — Tu tienda de confianza en República Dominicana",VivaBien,Belleza y Cuidado Personal,Belleza y Cuidado Personal,TRUE,VBAF0F9ED1,110.0,,VBAF0F9ED1.jpg,酒精喷雾,美容个护,Belleza y Cuidado Personal,"Shopify,Facebook Marketplace",价格由 AI 从图片识别：RD$ 110，请在审核台确认
vbabd659a2,Removedor de esmalte / quitaesmalte líquido 500ml,"Removedor de esmalte / quitaesmalte líquido 500ml

📦 Características:
• 500ml

💰 Precio: RD$ 630
✨ Estado: Nuevo
🚚 Disponible para entrega o recogida

🛒 VivaBien — Tu tienda de confianza en República Dominicana",VivaBien,Belleza y Cuidado Personal,Belleza y Cuidado Personal,TRUE,VBABD659A2,630.0,,VBABD659A2.jpg,指甲液,美容个护,Belleza y Cuidado Personal,"Shopify,Facebook Marketplace",价格由 AI 从图片识别：RD$ 630，请在审核台确认
vba7c76a4e,Crema para la piel con vitamina E 50g,"Crema para la piel con vitamina E 50g

📦 Características:
• 含维生素E
• 滋养肌肤

💰 Precio: RD$ 150
✨ Estado: Nuevo
🚚 Disponible para entrega o recogida

🛒 VivaBien — Tu tienda de confianza en República Dominicana",VivaBien,Belleza y Cuidado Personal,Belleza y Cuidado Personal,TRUE,VBA7C76A4E,150.0,,VBA7C76A4E.jpg,维生素E护肤膏,美容个护,Belleza y Cuidado Personal,"Shopify,Facebook Marketplace",价格由 AI 从图片识别：RD$ 150，请在审核台确认
vb9cf7f884,Gel para depilación / cera depilatoria con miel 200ml,"Gel para depilación / cera depilatoria con miel 200ml

📦 Características:
• 含蜂蜜
• 适用部位：全身

💰 Precio: RD$ 180
✨ Estado: Nuevo
🚚 Disponible para entrega o recogida

🛒 VivaBien — Tu tienda de confianza en República Dominicana",VivaBien,Belleza y Cuidado Personal,Belleza y Cuidado Personal,TRUE,VB9CF7F884,180.0,,VB9CF7F884.jpg,脱毛凝胶,美容个护,Belleza y Cuidado Personal,"Shopify,Facebook Marketplace",价格由 AI 从图片识别：RD$ 180，请在审核台确认
vb9746961e,Shampoo para bebé / champú infantil 300ml botella amarilla,"Shampoo para bebé / champú infantil 300ml botella amarilla

📦 Características:
• 300ml
• 黄色瓶身
• 适合婴儿

💰 Precio: RD$ 95
✨ Estado: Nuevo
🚚 Disponible para entrega o recogida

🛒 VivaBien — Tu tienda de confianza en República Dominicana",VivaBien,Bebés y Maternidad,Bebés y Maternidad,TRUE,VB9746961E,95.0,,VB9746961E.jpg,婴儿洗发水,母婴用品,Bebés y Maternidad,"Shopify,Facebook Marketplace",价格由 AI 从图片识别：RD$ 95，请在审核台确认
vb97291f92,Talco para bebé / polvo fresco 8oz larga duración,"Talco para bebé / polvo fresco 8oz larga duración

📦 Características:
• 8oz
• 长效清新
• 婴儿专用

💰 Precio: RD$ 175
✨ Estado: Nuevo
🚚 Disponible para entrega o recogida

🛒 VivaBien — Tu tienda de confianza en República Dominicana",VivaBien,Bebés y Maternidad,Bebés y Maternidad,TRUE,VB97291F92,175.0,,VB97291F92.jpg,婴儿爽身粉,母婴用品,Bebés y Maternidad,"Shopify,Facebook Marketplace",价格由 AI 从图片识别：RD$ 175，请在审核台确认
vb96bcbfe1,Alcohol 70% en spray / desinfectante / antiséptico,"Alcohol 70% en spray / desinfectante / antiséptico

📦 Características:
• 70%
• 喷雾瓶
• 消毒
• 杀菌

💰 Precio: RD$ 120
✨ Estado: Nuevo
🚚 Disponible para entrega o recogida

🛒 VivaBien — Tu tienda de confianza en República Dominicana",VivaBien,Belleza y Cuidado Personal,Belleza y Cuidado Personal,TRUE,VB96BCBFE1,120.0,,VB96BCBFE1.jpg,70%酒精喷雾,美容个护,Belleza y Cuidado Personal,"Shopify,Facebook Marketplace",价格由 AI 从图片识别：RD$ 120，请在审核台确认
vb95b96e75,Jabón blanqueador / aclarante 100g para codos y rodillas,"Jabón blanqueador / aclarante 100g para codos y rodillas

📦 Características:
• 100g
• 美白
• 去黑
• 适用肘部和膝盖

💰 Precio: RD$ 95
✨ Estado: Nuevo
🚚 Disponible para entrega o recogida

🛒 VivaBien — Tu tienda de confianza en República Dominicana",VivaBien,Belleza y Cuidado Personal,Belleza y Cuidado Personal,TRUE,VB95B96E75,95.0,,VB95B96E75.jpg,美白去黑皂,美容个护,Belleza y Cuidado Personal,"Shopify,Facebook Marketplace",价格由 AI 从图片识别：RD$ 95，请在审核台确认
vb9596a781,Aceite natural para bebé 118ml,"Aceite natural para bebé 118ml

📦 Características:
• 118ml

💰 Precio: RD$ 150
✨ Estado: Nuevo
🚚 Disponible para entrega o recogida

🛒 VivaBien — Tu tienda de confianza en República Dominicana",VivaBien,Bebés y Maternidad,Bebés y Maternidad,TRUE,VB9596A781,150.0,,VB9596A781.jpg,婴儿天然油,母婴用品,Bebés y Maternidad,"Shopify,Facebook Marketplace",价格由 AI 从图片识别：RD$ 150，请在审核台确认
vb9566d63e,Crema depilatoria 150ml / retraso crecimiento / fórmula suave,"Crema depilatoria 150ml / retraso crecimiento / fórmula suave

📦 Características:
• 150ml
• 延缓毛发生长
• 温和配方

💰 Precio: RD$ 300
✨ Estado: Nuevo
🚚 Disponible para entrega o recogida

🛒 VivaBien — Tu tienda de confianza en República Dominicana",VivaBien,Belleza y Cuidado Personal,Belleza y Cuidado Personal,TRUE,VB9566D63E,300.0,,VB9566D63E.jpg,脱毛膏,美容个护,Belleza y Cuidado Personal,"Shopify,Facebook Marketplace",价格由 AI 从图片识别：RD$ 300，请在审核台确认
vb8c18ee0b,Removedor de esmalte / acetona pura 100% profesional 500ml,"Removedor de esmalte / acetona pura 100% profesional 500ml

📦 Características:
• 500ml
• 100%纯度
• 专业美甲用

💰 Precio: RD$ 190
✨ Estado: Nuevo
🚚 Disponible para entrega o recogida

🛒 VivaBien — Tu tienda de confianza en República Dominicana",VivaBien,Belleza y Cuidado Personal,Belleza y Cuidado Personal,TRUE,VB8C18EE0B,190.0,,VB8C18EE0B.jpg,100%丙酮,美容个护,Belleza y Cuidado Personal,"Shopify,Facebook Marketplace",价格由 AI 从图片识别：RD$ 190，请在审核台确认
vb8893f8de,Alcohol / desinfectante 500ml para uso externo,"Alcohol / desinfectante 500ml para uso externo

📦 Características:
• 容量500ml
• 外用

💰 Precio: RD$ 95
✨ Estado: Nuevo
🚚 Disponible para entrega o recogida

🛒 VivaBien — Tu tienda de confianza en República Dominicana",VivaBien,Belleza y Cuidado Personal,Belleza y Cuidado Personal,TRUE,VB8893F8DE,95.0,,VB8893F8DE.jpg,康斯坦萨酒精,美容个护,Belleza y Cuidado Personal,"Shopify,Facebook Marketplace",价格由 AI 从图片识别：RD$ 95，请在审核台确认
vb850af15d,Pomada para bebé 50g / crema calmante eucalipto y manzanilla,"Pomada para bebé 50g / crema calmante eucalipto y manzanilla

📦 Características:
• 50g
• 含桉树和洋甘菊香味
• 适合3个月以上婴儿

💰 Precio: RD$ 170
✨ Estado: Nuevo
🚚 Disponible para entrega o recogida

🛒 VivaBien — Tu tienda de confianza en República Dominicana",VivaBien,Bebés y Maternidad,Bebés y Maternidad,TRUE,VB850AF15D,170.0,,VB850AF15D.jpg,婴儿舒缓膏,母婴用品,Bebés y Maternidad,"Shopify,Facebook Marketplace",价格由 AI 从图片识别：RD$ 170，请在审核台确认
vb81521654,Lámpara UV clip ajustable / luz violeta,"Lámpara UV clip ajustable / luz violeta

📦 Características:
• 可调角度
• 紫色

💰 Precio: RD$ 340
✨ Estado: Nuevo
🚚 Disponible para entrega o recogida

🛒 VivaBien — Tu tienda de confianza en República Dominicana",VivaBien,Herramientas y Ferretería,Herramientas y Ferretería,TRUE,VB81521654,340.0,,VB81521654.jpg,夹式紫外灯,工具五金,Herramientas y Ferretería,"Shopify,Facebook Marketplace",价格由 AI 从图片识别：RD$ 350，请在审核台确认; 价格经二次OCR修正：350 → RD$ 340
vb8057725d,Cera dura / cera depilatoria en granos 100g verde,"Cera dura / cera depilatoria en granos 100g verde

📦 Características:
• 100g
• 绿色
• 脱毛

💰 Precio: RD$ 100
✨ Estado: Nuevo
🚚 Disponible para entrega o recogida

🛒 VivaBien — Tu tienda de confianza en República Dominicana",VivaBien,Belleza y Cuidado Personal,Belleza y Cuidado Personal,TRUE,VB8057725D,100.0,,VB8057725D.jpg,硬蜡豆,美容个护,Belleza y Cuidado Personal,"Shopify,Facebook Marketplace",价格由 AI 从图片识别：RD$ 100，请在审核台确认
vb805040b9,Sachet aromático / bolsita perfumada rosa seca con decoración,"Sachet aromático / bolsita perfumada rosa seca con decoración

📦 Características:
• 玫瑰香味
• 含干花瓣
• 附装饰品

💰 Precio: RD$ 120
✨ Estado: Nuevo
🚚 Disponible para entrega o recogida

🛒 VivaBien — Tu tienda de confianza en República Dominicana",VivaBien,Decoración del Hogar,Decoración del Hogar,TRUE,VB805040B9,120.0,,VB805040B9.jpg,玫瑰香包,家居装饰,Decoración del Hogar,"Shopify,Facebook Marketplace",价格由 AI 从图片识别：RD$ 120，请在审核台确认
vb7e0f7ee2,Cera depilatoria / cera brasilera roja 300g para cuerpo y cara,"Cera depilatoria / cera brasilera roja 300g para cuerpo y cara

📦 Características:
• 300g
• 红色
• 适用于脸部和身体
• 巴西蜡

💰 Precio: RD$ 220
✨ Estado: Nuevo
🚚 Disponible para entrega o recogida

🛒 VivaBien — Tu tienda de confianza en República Dominicana",VivaBien,Belleza y Cuidado Personal,Belleza y Cuidado Personal,TRUE,VB7E0F7EE2,220.0,,VB7E0F7EE2.jpg,硬蜡豆,美容个护,Belleza y Cuidado Personal,"Shopify,Facebook Marketplace",价格由 AI 从图片识别：RD$ 220，请在审核台确认
vb7ae72aed,Aceite para bebé / aceite infantil 200ml hidratante y suave,"Aceite para bebé / aceite infantil 200ml hidratante y suave

📦 Características:
• 200ml
• 滋润
• 温和

💰 Precio: RD$ 140
✨ Estado: Nuevo
🚚 Disponible para entrega o recogida

🛒 VivaBien — Tu tienda de confianza en República Dominicana",VivaBien,Bebés y Maternidad,Bebés y Maternidad,TRUE,VB7AE72AED,140.0,,VB7AE72AED.jpg,婴儿护肤油,母婴用品,Bebés y Maternidad,"Shopify,Facebook Marketplace",价格由 AI 从图片识别：RD$ 140，请在审核台确认
vb7a334ec6,Portavelas / candelero de vidrio transparente,"Portavelas / candelero de vidrio transparente

📦 Características:
• 透明
• 玻璃材质

💰 Precio: RD$ 35
✨ Estado: Nuevo
🚚 Disponible para entrega o recogida

🛒 VivaBien — Tu tienda de confianza en República Dominicana",VivaBien,Decoración del Hogar,Decoración del Hogar,TRUE,VB7A334EC6,35.0,,VB7A334EC6.jpg,玻璃烛台,家居装饰,Decoración del Hogar,"Shopify,Facebook Marketplace",价格由 AI 从图片识别：RD$ 35，请在审核台确认
vb767c89ac,Spray desinfectante / Alcohol 99% botella portátil,"Spray desinfectante / Alcohol 99% botella portátil

📦 Características:
• 99%
• 消毒
• 喷雾瓶

💰 Precio: RD$ 100
✨ Estado: Nuevo
🚚 Disponible para entrega o recogida

🛒 VivaBien — Tu tienda de confianza en República Dominicana",VivaBien,Belleza y Cuidado Personal,Belleza y Cuidado Personal,TRUE,VB767C89AC,100.0,,VB767C89AC.jpg,酒精喷雾,美容个护,Belleza y Cuidado Personal,"Shopify,Facebook Marketplace",价格由 AI 从图片识别：RD$ 100，请在审核台确认
vb74b33caa,Hisopos para bebé / bastoncillos 100% algodón 55 unidades,"Hisopos para bebé / bastoncillos 100% algodón 55 unidades

📦 Características:
• 55支
• 100%棉
• 安全设计

💰 Precio: RD$ 85
✨ Estado: Nuevo
🚚 Disponible para entrega o recogida

🛒 VivaBien — Tu tienda de confianza en República Dominicana",VivaBien,Bebés y Maternidad,Bebés y Maternidad,TRUE,VB74B33CAA,85.0,,VB74B33CAA.jpg,婴儿棉签,母婴用品,Bebés y Maternidad,"Shopify,Facebook Marketplace",价格由 AI 从图片识别：RD$ 85，请在审核台确认
vb74550d28,Cera soluble en agua / cera depilatoria 150g aroma manzana,"Cera soluble en agua / cera depilatoria 150g aroma manzana

📦 Características:
• 150g
• 苹果味

💰 Precio: RD$ 120
✨ Estado: Nuevo
🚚 Disponible para entrega o recogida

🛒 VivaBien — Tu tienda de confianza en República Dominicana",VivaBien,Belleza y Cuidado Personal,Belleza y Cuidado Personal,TRUE,VB74550D28,120.0,,VB74550D28.jpg,水溶性蜡,美容个护,Belleza y Cuidado Personal,"Shopify,Facebook Marketplace",价格由 AI 从图片识别：RD$ 120，请在审核台确认
vb6d710c57,Polvo antimicrobiano / antifúngico 30g,"Polvo antimicrobiano / antifúngico 30g

📦 Características:
• 30g
• 抗菌
• 抗真菌

💰 Precio: RD$ 165
✨ Estado: Nuevo
🚚 Disponible para entrega o recogida

🛒 VivaBien — Tu tienda de confianza en República Dominicana",VivaBien,Belleza y Cuidado Personal,Belleza y Cuidado Personal,TRUE,VB6D710C57,145,,VB6D710C57.jpg,抗菌药粉,美容个护,Belleza y Cuidado Personal,"Shopify,Facebook Marketplace",价格由 AI 从图片识别：RD$ 145，请在审核台确认; 价格经二次OCR修正：145 → RD$ 165
vb6cacbeb4,Set de puntas para pulir 7 piezas / 6 bandas lijadoras,"Set de puntas para pulir 7 piezas / 6 bandas lijadoras

📦 Características:
• 7个磨头
• 6个砂轮套
• 金属材质

💰 Precio: RD$ 60
✨ Estado: Nuevo
🚚 Disponible para entrega o recogida

🛒 VivaBien — Tu tienda de confianza en República Dominicana",VivaBien,Herramientas y Ferretería,Herramientas y Ferretería,TRUE,VB6CACBEB4,90,,VB6CACBEB4.jpg,电磨头套装,工具五金,Herramientas y Ferretería,"Shopify,Facebook Marketplace",⚠ 价格疑似识别有误（6.0），已自动修正为 RD$ 60; 价格由 AI 从图片识别：RD$ 60，请在审核台确认
vb690b0437,Cera / cera fría / hojas de depilación miel 20 piezas,"Cera / cera fría / hojas de depilación miel 20 piezas

📦 Características:
• 20片
• 蜂蜜提取物
• 维生素E
• 天然蜡

💰 Precio: RD$ 180
✨ Estado: Nuevo
🚚 Disponible para entrega o recogida

🛒 VivaBien — Tu tienda de confianza en República Dominicana",VivaBien,Belleza y Cuidado Personal,Belleza y Cuidado Personal,TRUE,VB690B0437,180.0,,VB690B0437.jpg,蜂蜜脱毛蜡纸,美容个护,Belleza y Cuidado Personal,"Shopify,Facebook Marketplace",价格由 AI 从图片识别：RD$ 180，请在审核台确认
vb6855be61,Hisopos / cotonetes 100 piezas 100% algodón palo madera,"Hisopos / cotonetes 100 piezas 100% algodón palo madera

📦 Características:
• 100支
• 100%棉
• 木质棒

💰 Precio: RD$ 80
✨ Estado: Nuevo
🚚 Disponible para entrega o recogida

🛒 VivaBien — Tu tienda de confianza en República Dominicana",VivaBien,Belleza y Cuidado Personal,Belleza y Cuidado Personal,TRUE,VB6855BE61,80.0,,VB6855BE61.jpg,棉签,美容个护,Belleza y Cuidado Personal,"Shopify,Facebook Marketplace",价格由 AI 从图片识别：RD$ 80，请在审核台确认
vb583af978,Aceite para bebé / aceite hidratante 100ml,"Aceite para bebé / aceite hidratante 100ml

📦 Características:
• 100ml

💰 Precio: RD$ 100
✨ Estado: Nuevo
🚚 Disponible para entrega o recogida

🛒 VivaBien — Tu tienda de confianza en República Dominicana",VivaBien,Bebés y Maternidad,Bebés y Maternidad,TRUE,VB583AF978,100.0,,VB583AF978.jpg,婴儿护肤油,母婴用品,Bebés y Maternidad,"Shopify,Facebook Marketplace","价格由 AI 从图片识别：RD$ 100，请在审核台确认; ⚠️ AI 生图失败，可点「重新生图」重试: HTTPSConnectionPool(host='api.quickrouter.ai', port=443): Read timed out. (read timeout=120)"
vb553a9594,Lámpara UV para uñas 2 en 1 60 segundos 5V2A,"Lámpara UV para uñas 2 en 1 60 segundos 5V2A

📦 Características:
• 60秒定时
• 5V2A
• 2合1

💰 Precio: RD$ 230
✨ Estado: Nuevo
🚚 Disponible para entrega o recogida

🛒 VivaBien — Tu tienda de confianza en República Dominicana",VivaBien,Belleza y Cuidado Personal,Belleza y Cuidado Personal,TRUE,VB553A9594,230.0,,VB553A9594.jpg,UV美甲灯,美容个护,Belleza y Cuidado Personal,"Shopify,Facebook Marketplace",价格由 AI 从图片识别：RD$ 230，请在审核台确认
vb52db6c97,Talco medicinal / polvo refrescante 200g absorbente,"Talco medicinal / polvo refrescante 200g absorbente

📦 Características:
• 200g
• 吸收性
• 防腐
• 清爽

💰 Precio: RD$ 200
✨ Estado: Nuevo
🚚 Disponible para entrega o recogida

🛒 VivaBien — Tu tienda de confianza en República Dominicana",VivaBien,Belleza y Cuidado Personal,Belleza y Cuidado Personal,TRUE,VB52DB6C97,200.0,,VB52DB6C97.jpg,药用爽身粉,美容个护,Belleza y Cuidado Personal,"Shopify,Facebook Marketplace",价格由 AI 从图片识别：RD$ 200，请在审核台确认
vb50eb83cd,Lampara UV/LED para uñas acrílicas y gel,"Masajeador de ojos / antifaz relajante rosado

📦 Características:
• 粉色
• 缓解灼热感
• 舒适眼部接触

💰 Precio: RD$ 490
✨ Estado: Nuevo
🚚 Disponible para entrega o recogida

🛒 VivaBien — Tu tienda de confianza en República Dominicana",VivaBien,Belleza y Cuidado Personal,Belleza y Cuidado Personal,TRUE,VB50EB83CD,490.0,,VB50EB83CD.jpg,美甲灯,美容个护,Belleza y Cuidado Personal,"Shopify,Facebook Marketplace",价格由 AI 从图片识别：RD$ 490，请在审核台确认
vb4734358d,Talco para bebé / polvo corporal clásico 100g,"Talco para bebé / polvo corporal clásico 100g

📦 Características:
• 100g

💰 Precio: RD$ 270
✨ Estado: Nuevo
🚚 Disponible para entrega o recogida

🛒 VivaBien — Tu tienda de confianza en República Dominicana",VivaBien,Belleza y Cuidado Personal,Belleza y Cuidado Personal,TRUE,VB4734358D,270.0,,VB4734358D.jpg,经典爽身粉,美容个护,Belleza y Cuidado Personal,"Shopify,Facebook Marketplace",价格由 AI 从图片识别：RD$ 270，请在审核台确认
vb46666901,Polvo antimicrobiano / antibacterial 113.4g triple acción,"Polvo antimicrobiano / antibacterial 113.4g triple acción

📦 Características:
• 113.4g
• 抗菌
• 三重功效
• 日用
• 含天然油

💰 Precio: RD$ 185
✨ Estado: Nuevo
🚚 Disponible para entrega o recogida

🛒 VivaBien — Tu tienda de confianza en República Dominicana",VivaBien,Belleza y Cuidado Personal,Belleza y Cuidado Personal,TRUE,VB46666901,185.0,,VB46666901.jpg,抗菌药粉,美容个护,Belleza y Cuidado Personal,"Shopify,Facebook Marketplace",价格由 AI 从图片识别：RD$ 185，请在审核台确认
vb4280cccc,Shampoo para bebé 120ml / no irrita ojos / uso diario,"Shampoo para bebé 120ml / no irrita ojos / uso diario

📦 Características:
• 120ml
• 不刺激眼睛
• 每日使用

💰 Precio: RD$ 105
✨ Estado: Nuevo
🚚 Disponible para entrega o recogida

🛒 VivaBien — Tu tienda de confianza en República Dominicana",VivaBien,Bebés y Maternidad,Bebés y Maternidad,TRUE,VB4280CCCC,105.0,,VB4280CCCC.jpg,婴儿洗发水,母婴用品,Bebés y Maternidad,"Shopify,Facebook Marketplace",价格由 AI 从图片识别：RD$ 105，请在审核台确认
vb401adb4c,Talco para bebé / polvo corporal 16oz 400g con vitamina E,"Talco para bebé / polvo corporal 16oz 400g con vitamina E

📦 Características:
• 16oz
• 400g
• 含维生素E

💰 Precio: RD$ 155
✨ Estado: Nuevo
🚚 Disponible para entrega o recogida

🛒 VivaBien — Tu tienda de confianza en República Dominicana",VivaBien,Bebés y Maternidad,Bebés y Maternidad,TRUE,VB401ADB4C,155.0,,VB401ADB4C.jpg,婴儿爽身粉,母婴用品,Bebés y Maternidad,"Shopify,Facebook Marketplace",价格由 AI 从图片识别：RD$ 155，请在审核台确认
vb3e7f4381,Talco para bebé 120g / 4.22 FL.OZ,"Talco para bebé 120g / 4.22 FL.OZ

📦 Características:
• 120g
• 4.22 FL.OZ

💰 Precio: RD$ 70
✨ Estado: Nuevo
🚚 Disponible para entrega o recogida

🛒 VivaBien — Tu tienda de confianza en República Dominicana",VivaBien,Bebés y Maternidad,Bebés y Maternidad,TRUE,VB3E7F4381,70.0,,VB3E7F4381.jpg,婴儿爽身粉,母婴用品,Bebés y Maternidad,"Shopify,Facebook Marketplace",价格由 AI 从图片识别：RD$ 70，请在审核台确认
vb3aedc5f6,Champú para bebé / shampoo bebé 100ml amarillo,"Champú para bebé / shampoo bebé 100ml amarillo

📦 Características:
• 100ml
• 3.52 FL.OZ
• 黄色瓶身

💰 Precio: RD$ 55
✨ Estado: Nuevo
🚚 Disponible para entrega o recogida

🛒 VivaBien — Tu tienda de confianza en República Dominicana",VivaBien,Bebés y Maternidad,Bebés y Maternidad,TRUE,VB3AEDC5F6,55.0,,VB3AEDC5F6.jpg,婴儿洗发水,母婴用品,Bebés y Maternidad,"Shopify,Facebook Marketplace",价格由 AI 从图片识别：RD$ 55，请在审核台确认
vb3abf6e3d,Vaselina / crema hidratante para piel 100g,"Vaselina / crema hidratante para piel 100g

📦 Características:
• 100g
• 护肤
• 滋润

💰 Precio: RD$ 100
✨ Estado: Nuevo
🚚 Disponible para entrega o recogida

🛒 VivaBien — Tu tienda de confianza en República Dominicana",VivaBien,Belleza y Cuidado Personal,Belleza y Cuidado Personal,TRUE,VB3ABF6E3D,90,,VB3ABF6E3D.jpg,凡士林,美容个护,Belleza y Cuidado Personal,"Shopify,Facebook Marketplace",价格由 AI 从图片识别：RD$ 90，请在审核台确认; 价格经二次OCR修正：90 → RD$ 100
vb36d663c1,Spray de alcohol 70% botella pequeña transparente,"Spray de alcohol 70% botella pequeña transparente

📦 Características:
• 70%浓度
• 透明瓶
• 小容量

💰 Precio: RD$ 85
✨ Estado: Nuevo
🚚 Disponible para entrega o recogida

🛒 VivaBien — Tu tienda de confianza en República Dominicana",VivaBien,Belleza y Cuidado Personal,Belleza y Cuidado Personal,TRUE,VB36D663C1,85.0,,VB36D663C1.jpg,酒精喷雾,美容个护,Belleza y Cuidado Personal,"Shopify,Facebook Marketplace",⚠ 价格疑似识别有误（8.0），已自动修正为 RD$ 80; 价格由 AI 从图片识别：RD$ 80，请在审核台确认; 价格经二次OCR修正：8 → RD$ 85
vb318e41da,Máquina de uñas UV/LED inteligente 12 luces 30s/60s/90s,"Máquina de uñas UV/LED inteligente 12 luces 30s/60s/90s

📦 Características:
• 12灯
• UV/LED
• 智能
• 30s/60s/90s定时

💰 Precio: RD$ 465
✨ Estado: Nuevo
🚚 Disponible para entrega o recogida

🛒 VivaBien — Tu tienda de confianza en República Dominicana",VivaBien,Belleza y Cuidado Personal,Belleza y Cuidado Personal,TRUE,VB318E41DA,465.0,,VB318E41DA.jpg,光疗机,美容个护,Belleza y Cuidado Personal,"Shopify,Facebook Marketplace",价格由 AI 从图片识别：RD$ 865，请在审核台确认; 价格经二次OCR修正：865 → RD$ 465
vb2f4c770f,Pintura acrílica líquida / acrílico líquido 53ml morado,"Pintura acrílica líquida / acrílico líquido 53ml morado

📦 Características:
• 53ml
• 紫色

💰 Precio: RD$ 110
✨ Estado: Nuevo
🚚 Disponible para entrega o recogida

🛒 VivaBien — Tu tienda de confianza en República Dominicana",VivaBien,Belleza y Cuidado Personal,Belleza y Cuidado Personal,TRUE,VB2F4C770F,110.0,,VB2F4C770F.jpg,丙烯液体,美容个护,Belleza y Cuidado Personal,"Shopify,Facebook Marketplace",价格由 AI 从图片识别：RD$ 110，请在审核台确认
vb2f11b7cc,Talco para bebé / polvo corporal para bebé 200g 7.04oz,"Talco para bebé / polvo corporal para bebé 200g 7.04oz

📦 Características:
• 200g
• 7.04 FL.OZ

💰 Precio: RD$ 90
✨ Estado: Nuevo
🚚 Disponible para entrega o recogida

🛒 VivaBien — Tu tienda de confianza en República Dominicana",VivaBien,Bebés y Maternidad,Bebés y Maternidad,TRUE,VB2F11B7CC,90.0,,VB2F11B7CC.jpg,婴儿爽身粉,母婴用品,Bebés y Maternidad,"Shopify,Facebook Marketplace",价格由 AI 从图片识别：RD$ 90，请在审核台确认
vb167ae79a,Cera depilatoria en granos 300g blanca cuerpo/rostro/axilas/bikini,"Cera depilatoria en granos 300g blanca cuerpo/rostro/axilas/bikini

📦 Características:
• 300g
• 白色
• 适用于脸部、身体、腋下、比基尼线

💰 Precio: RD$ 220
✨ Estado: Nuevo
🚚 Disponible para entrega o recogida

🛒 VivaBien — Tu tienda de confianza en República Dominicana",VivaBien,Belleza y Cuidado Personal,Belleza y Cuidado Personal,TRUE,VB167AE79A,220.0,,VB167AE79A.jpg,硬蜡豆,美容个护,Belleza y Cuidado Personal,"Shopify,Facebook Marketplace",价格由 AI 从图片识别：RD$ 220，请在审核台确认
vb03f505cf,Paletas para lengua / depresores de madera 100 unidades 6 pulgadas,"Paletas para lengua / depresores de madera 100 unidades 6 pulgadas

📦 Características:
• 100片
• 6英寸长度

💰 Precio: RD$ 175
✨ Estado: Nuevo
🚚 Disponible para entrega o recogida

🛒 VivaBien — Tu tienda de confianza en República Dominicana",VivaBien,Herramientas y Ferretería,Herramientas y Ferretería,TRUE,VB03F505CF,140,,VB03F505CF.jpg,压舌板,工具五金,Herramientas y Ferretería,"Shopify,Facebook Marketplace",价格由 AI 从图片识别：RD$ 175，请在审核台确认
vb015cf879,Vaselina para bebé / crema hidratante rosa sin especificar tamaño,"Vaselina para bebé / crema hidratante rosa sin especificar tamaño

📦 Características:
• 容量不详
• 粉色包装
• 婴儿专用

💰 Precio: RD$ 95
✨ Estado: Nuevo
🚚 Disponible para entrega o recogida

🛒 VivaBien — Tu tienda de confianza en República Dominicana",VivaBien,Belleza y Cuidado Personal,Belleza y Cuidado Personal,TRUE,VB015CF879,95.0,,VB015CF879.jpg,婴儿凡士林,美容个护,Belleza y Cuidado Personal,"Shopify,Facebook Marketplace",价格由 AI 从图片识别：RD$ 95，请在审核台确认
vbfac8cba0,Frasco de vidrio transparente con gotero 50ml,"Frasco de vidrio transparente con gotero 50ml

📦 Características:
• 透明
• 玻璃材质
• 带滴管

💰 Precio: RD$ 80
✨ Estado: Nuevo
🚚 Disponible para entrega o recogida

🛒 VivaBien — Tu tienda de confianza en República Dominicana",VivaBien,Belleza y Cuidado Personal,Belleza y Cuidado Personal,TRUE,VBFAC8CBA0,80.0,,VBFAC8CBA0.jpg,玻璃滴管瓶,美容个护,Belleza y Cuidado Personal,"Shopify,Facebook Marketplace",价格由 AI 从图片识别：RD$ 80，请在审核台确认
vbe756c856,Difusor de aromas / aromatizador eléctrico,"Difusor de aroma / frasco aromático 50ml con palitos y flores

📦 Características:
• 50ml
• 花形装饰
• 香薰棒

💰 Precio: RD$ 220
✨ Estado: Nuevo
🚚 Disponible para entrega o recogida

🛒 VivaBien — Tu tienda de confianza en República Dominicana",VivaBien,Decoración del Hogar,Decoración del Hogar,TRUE,VBE756C856,225,,VBE756C856.jpg,香薰,家居装饰,Decoración del Hogar,"Shopify,Facebook Marketplace",价格由 AI 从图片识别：RD$ 225，请在审核台确认; 价格经二次OCR修正：225 → RD$ 220
vb22674a81,Pegamento líquido para uñas 80ml / Gel morado,"Pegamento líquido para uñas 80ml / Gel morado

📦 Características:
• 容量80ml
• 紫色液体

💰 Precio: RD$ 375
✨ Estado: Nuevo
🚚 Disponible para entrega o recogida

🛒 VivaBien — Tu tienda de confianza en República Dominicana",VivaBien,Belleza y Cuidado Personal,Belleza y Cuidado Personal,TRUE,VB22674A81,375.0,,VB22674A81.jpg,液体指甲胶,美容个护,Belleza y Cuidado Personal,"Shopify,Facebook Marketplace",价格由 AI 从图片识别：RD$ 375，请在审核台确认
vbf7bdbf21,Ambientador para carro / gel aromático 200g,"Ambientador para carro / gel aromático 200g

📦 Características:
• 200g

💰 Precio: RD$ 115
✨ Estado: Nuevo
🚚 Disponible para entrega o recogida

🛒 VivaBien — Tu tienda de confianza en República Dominicana",VivaBien,Belleza y Cuidado Personal,Belleza y Cuidado Personal,TRUE,VBF7BDBF21,115.0,,VBF7BDBF21.jpg,车载香膏,美容个护,Belleza y Cuidado Personal,"Shopify,Facebook Marketplace",价格由 AI 从图片识别：RD$ 115，请在审核台确认
vb94126742,Recortador de vellos nariz / orejas 1 unidad negro,"Recortador de vellos nariz / orejas 1 unidad negro

📦 Características:
• 1个
• 黑色
• 鼻毛修剪
• 耳毛修剪

💰 Precio: RD$ 155
✨ Estado: Nuevo
🚚 Disponible para entrega o recogida

🛒 VivaBien — Tu tienda de confianza en República Dominicana",VivaBien,Belleza y Cuidado Personal,Belleza y Cuidado Personal,TRUE,VB94126742,155.0,,VB94126742.jpg,鼻毛修剪器,美容个护,Belleza y Cuidado Personal,"Shopify,Facebook Marketplace",价格由 AI 从图片识别：RD$ 155，请在审核台确认
vbec5f8c17,Líquido monómero para uñas 118ml,"Líquido monómero para uñas 118ml

📦 Características:
• 118ml

💰 Precio: RD$ 405
✨ Estado: Nuevo
🚚 Disponible para entrega o recogida

🛒 VivaBien — Tu tienda de confianza en República Dominicana",VivaBien,Belleza y Cuidado Personal,Belleza y Cuidado Personal,TRUE,VBEC5F8C17,405.0,,VBEC5F8C17.jpg,美甲液体单体,美容个护,Belleza y Cuidado Personal,"Shopify,Facebook Marketplace",价格由 AI 从图片识别：RD$ 405，请在审核台确认
vbe202b6f2,Pulidor de uñas eléctrico / torno para uñas recargable,"Pulidora eléctrica azul / esmeriladora 1 unidad

📦 Características:
• 一套
• 蓝色
• 电动

💰 Precio: RD$ 2500
✨ Estado: Nuevo
🚚 Disponible para entrega o recogida

🛒 VivaBien — Tu tienda de confianza en República Dominicana",VivaBien,Belleza y Cuidado Personal,Belleza y Cuidado Personal,TRUE,VBE202B6F2,2590,,VBE202B6F2.jpg,美甲打磨机,美容个护,Belleza y Cuidado Personal,"Shopify,Facebook Marketplace",价格由 AI 从图片识别：RD$ 250，请在审核台确认; 价格经二次OCR修正：250 → RD$ 2500
vb22b65c4b,Cera dura / cera depilatoria 200g sabor fresa roja,"Cera dura / cera depilatoria 200g sabor fresa roja

📦 Características:
• 200g
• 草莓味
• 红色

💰 Precio: RD$ 160
✨ Estado: Nuevo
🚚 Disponible para entrega o recogida

🛒 VivaBien — Tu tienda de confianza en República Dominicana",VivaBien,Belleza y Cuidado Personal,Belleza y Cuidado Personal,TRUE,VB22B65C4B,160.0,,VB22B65C4B.jpg,硬蜡豆,美容个护,Belleza y Cuidado Personal,"Shopify,Facebook Marketplace",价格由 AI 从图片识别：RD$ 160，请在审核台确认
vb2ab8acf2,Crema hidratante para bebé 15FL OZ / 443mL,"Crema hidratante para bebé 15FL OZ / 443mL

📦 Características:
• 15FL OZ
• 443mL
• 乳液

💰 Precio: RD$ 145
✨ Estado: Nuevo
🚚 Disponible para entrega o recogida

🛒 VivaBien — Tu tienda de confianza en República Dominicana",VivaBien,Bebés y Maternidad,Bebés y Maternidad,TRUE,VB2AB8ACF2,145.0,,VB2AB8ACF2.jpg,婴儿润肤乳,母婴用品,Bebés y Maternidad,"Shopify,Facebook Marketplace",价格由 AI 从图片识别：RD$ 145，请在审核台确认
vb3ef21d6a,Esmalte endurecedor de uñas / Fortalecedor 15ml con vitamina E,"Esmalte endurecedor de uñas / Fortalecedor 15ml con vitamina E

📦 Características:
• 15ml
• 含维生素E

💰 Precio: RD$ 80
✨ Estado: Nuevo
🚚 Disponible para entrega o recogida

🛒 VivaBien — Tu tienda de confianza en República Dominicana",VivaBien,Belleza y Cuidado Personal,Belleza y Cuidado Personal,TRUE,VB3EF21D6A,80.0,,VB3EF21D6A.jpg,指甲硬化液,美容个护,Belleza y Cuidado Personal,"Shopify,Facebook Marketplace",价格由 AI 从图片识别：RD$ 80，请在审核台确认
vb49b384fe,Paleta para uñas / mezcla de esmalte uñas,"Paleta de colores / mezcladora plástico 6 huecos rosada

📦 Características:
• 6孔
• 粉色
• 塑料

💰 Precio: RD$ 80
✨ Estado: Nuevo
🚚 Disponible para entrega o recogida

🛒 VivaBien — Tu tienda de confianza en República Dominicana",VivaBien,Belleza y Cuidado Personal,Belleza y Cuidado Personal,TRUE,VB49B384FE,80.0,,VB49B384FE.jpg,美甲调色盘,美容个护,Belleza y Cuidado Personal,"Shopify,Facebook Marketplace",价格由 AI 从图片识别：RD$ 80，请在审核台确认
vbbbb1f343,Talco para bebé / polvo para bebé 500g / 17.6 FL.OZ,"Talco para bebé / polvo para bebé 500g / 17.6 FL.OZ

📦 Características:
• 500g
• 17.6 FL.OZ

💰 Precio: RD$ 190
✨ Estado: Nuevo
🚚 Disponible para entrega o recogida

🛒 VivaBien — Tu tienda de confianza en República Dominicana",VivaBien,Bebés y Maternidad,Bebés y Maternidad,TRUE,VBBBB1F343,190.0,,VBBBB1F343.jpg,婴儿爽身粉,母婴用品,Bebés y Maternidad,"Shopify,Facebook Marketplace",价格由 AI 从图片识别：RD$ 190，请在审核台确认
vb60702aca,Cera de miel para depilación 400ml / 14.1oz,"Cera de miel para depilación 400ml / 14.1oz

📦 Características:
• 400ml
• 14.1oz
• 天然配方
• 无松香

💰 Precio: RD$ 510
✨ Estado: Nuevo
🚚 Disponible para entrega o recogida

🛒 VivaBien — Tu tienda de confianza en República Dominicana",VivaBien,Belleza y Cuidado Personal,Belleza y Cuidado Personal,TRUE,VB60702ACA,510.0,,VB60702ACA.jpg,蜂蜜脱毛蜡,美容个护,Belleza y Cuidado Personal,"Shopify,Facebook Marketplace",价格由 AI 从图片识别：RD$ 510，请在审核台确认
vb56570385,Freidora de aire / air fryer 6L 2400W pantalla táctil LCD,"Freidora de aire / air fryer 6L 2400W pantalla táctil LCD

📦 Características:
• 2400W
• 6L
• LCD触控
• 德国技术

💰 Precio: RD$ 350
✨ Estado: Nuevo
🚚 Disponible para entrega o recogida

🛒 VivaBien — Tu tienda de confianza en República Dominicana",VivaBien,Cocina y Hogar,Cocina y Hogar,TRUE,VB56570385,3060,,VB56570385.jpg,大容量空气炸锅,厨房家居,Cocina y Hogar,"Shopify,Facebook Marketplace",价格由 AI 从图片识别：RD$ 350，请在审核台确认
vb2ebdc6ca,Acetona 100% pura 4oz / quitaesmalte,"Acetona 100% pura 4oz / quitaesmalte

📦 Características:
• 4oz
• 100%纯度

💰 Precio: RD$ 70
✨ Estado: Nuevo
🚚 Disponible para entrega o recogida

🛒 VivaBien — Tu tienda de confianza en República Dominicana",VivaBien,Belleza y Cuidado Personal,Belleza y Cuidado Personal,TRUE,VB2EBDC6CA,70.0,,VB2EBDC6CA.jpg,100%丙酮,美容个护,Belleza y Cuidado Personal,"Shopify,Facebook Marketplace",价格由 AI 从图片识别：RD$ 70，请在审核台确认
vb5d51cb43,Polvo antibacterial / antimicrobiano 177g,"Polvo antibacterial / antimicrobiano 177g

📦 Características:
• 177g

💰 Precio: RD$ 445
✨ Estado: Nuevo
🚚 Disponible para entrega o recogida

🛒 VivaBien — Tu tienda de confianza en República Dominicana",VivaBien,Belleza y Cuidado Personal,Belleza y Cuidado Personal,TRUE,VB5D51CB43,445.0,,VB5D51CB43.jpg,抗菌粉,美容个护,Belleza y Cuidado Personal,"Shopify,Facebook Marketplace",价格由 AI 从图片识别：RD$ 445，请在审核台确认
vbdbf1e46e,Florero / jarrón blanco cerámico diseño calado 38cm,"Florero / jarrón blanco cerámico diseño calado 38cm

📦 Características:
• 白色
• 陶瓷
• 镂空设计

💰 Precio: Consultar precio
✨ Estado: Nuevo
🚚 Disponible para entrega o recogida

🛒 VivaBien — Tu tienda de confianza en República Dominicana",VivaBien,Decoración del Hogar,Decoración del Hogar,TRUE,VBDBF1E46E,1995,,VBDBF1E46E_scene.jpg,38cm 1995,家居装饰,Decoración del Hogar,"Shopify,Facebook Marketplace",
vbdbf1e46e,,,,,,,,,,VBDBF1E46E_dim.jpg,,,,,
vbd46d28a4,Florero / jarrón cerámico dorado con tapa 40cm,"Florero / jarrón cerámico dorado con tapa 40cm

📦 Características:
• 金色
• 陶瓷
• 带盖

💰 Precio: Consultar precio
✨ Estado: Nuevo
🚚 Disponible para entrega o recogida

🛒 VivaBien — Tu tienda de confianza en República Dominicana",VivaBien,Decoración del Hogar,Decoración del Hogar,TRUE,VBD46D28A4,1530,,VBD46D28A4_scene.jpg,40cm 1530,家居装饰,Decoración del Hogar,"Shopify,Facebook Marketplace",
vbd46d28a4,,,,,,,,,,VBD46D28A4_dim.jpg,,,,,
vb6f3904c8,Manguera verde plástica / 160cm,"Manguera verde plástica 1.5m / 160cm

📦 Características:
• 1.5m
• 绿色
• 塑料材质

💰 Precio: Consultar precio
✨ Estado: Nuevo
🚚 Disponible para entrega o recogida

🛒 VivaBien — Tu tienda de confianza en República Dominicana",VivaBien,Decoración del Hogar,Decoración del Hogar,TRUE,VB6F3904C8,,,VB6F3904C8_scene.jpg,160cm,家居装饰,Decoración del Hogar,"Shopify,Facebook Marketplace",
vb6f3904c8,,,,,,,,,,VB6F3904C8_dim.jpg,,,,,
vbaa70eb67,Planta decorativa 60cm 3 bolas plástico verde,"Planta decorativa 60cm 3 bolas plástico verde

📦 Características:
• 3个球形
• 绿色
• 塑料材质

💰 Precio: Consultar precio
✨ Estado: Nuevo
🚚 Disponible para entrega o recogida

🛒 VivaBien — Tu tienda de confianza en República Dominicana",VivaBien,Decoración del Hogar,Decoración del Hogar,TRUE,VBAA70EB67,,,VBAA70EB67_scene.jpg,60cm  1315,家居装饰,Decoración del Hogar,"Shopify,Facebook Marketplace",
vbaa70eb67,,,,,,,,,,VBAA70EB67_dim.jpg,,,,,
vbfa3a60a7,Bálsamo sólido / ungüento sólido olor a limón,"Bálsamo sólido / ungüento sólido olor a limón

📦 Características:
• 青柠味
• 固体

💰 Precio: RD$ 95
✨ Estado: Nuevo
🚚 Disponible para entrega o recogida

🛒 VivaBien — Tu tienda de confianza en República Dominicana",VivaBien,Belleza y Cuidado Personal,Belleza y Cuidado Personal,TRUE,VBFA3A60A7,95.0,,VBFA3A60A7.jpg,青柠香膏,美容个护,Belleza y Cuidado Personal,"Shopify,Facebook Marketplace",⚠ 图片可能拍反，价格从旋转图中识别; 价格由 AI 从图片识别：RD$ 95，请在审核台确认
vbe4b18470,Calentador de cera / derretidor con tapa y envase aluminio,"Calentador de cera / derretidor con tapa y envase aluminio

📦 Características:
• 带透明盖
• 附加铝制容器
• 适用各种蜡

💰 Precio: RD$ 375
✨ Estado: Nuevo
🚚 Disponible para entrega o recogida

🛒 VivaBien — Tu tienda de confianza en República Dominicana",VivaBien,Belleza y Cuidado Personal,Belleza y Cuidado Personal,TRUE,VBE4B18470,340,,VBE4B18470.jpg,蜡加热器,美容个护,Belleza y Cuidado Personal,"Shopify,Facebook Marketplace",价格由 AI 从图片识别：RD$ 375，请在审核台确认
vb2dfdaa8f,Estufa de gas / cocina de gas 4 quemadores inoxidable,"Estufa de gas / cocina de gas 4 quemadores inoxidable

📦 Características:
• 4个燃气炉头
• 不锈钢材质

💰 Precio: Consultar precio
✨ Estado: Nuevo
🚚 Disponible para entrega o recogida

🛒 VivaBien — Tu tienda de confianza en República Dominicana",VivaBien,Cocina y Hogar,Cocina y Hogar,TRUE,VB2DFDAA8F,7930,,VB2DFDAA8F.jpg,燃气灶,厨房家居,Cocina y Hogar,"Shopify,Facebook Marketplace",
vbd0e564f6,Estufa de gas / fogón doble automático resistente,"Estufa de gas / fogón doble automático resistente

📦 Características:
• 双头
• 自动点火
• 耐用锅架
• 厚机身

💰 Precio: RD$ 350
✨ Estado: Nuevo
🚚 Disponible para entrega o recogida

🛒 VivaBien — Tu tienda de confianza en República Dominicana",VivaBien,Cocina y Hogar,Cocina y Hogar,TRUE,VBD0E564F6,1980,,VBD0E564F6.jpg,双头燃气灶,厨房家居,Cocina y Hogar,"Shopify,Facebook Marketplace",⚠ 图片可能拍反，价格从旋转图中识别; 价格由 AI 从图片识别：RD$ 350，请在审核台确认
vbcc2af2c9,Estufa de gas / hornilla 3 quemadores negra para exteriores,"Estufa de gas / hornilla 3 quemadores negra para exteriores

📦 Características:
• 3个燃气头
• 黑色金属材质
• 适用于户外或商用

💰 Precio: RD$ 175
✨ Estado: Nuevo
🚚 Disponible para entrega o recogida

🛒 VivaBien — Tu tienda de confianza en República Dominicana",VivaBien,Cocina y Hogar,Cocina y Hogar,TRUE,VBCC2AF2C9,1195,,VBCC2AF2C9.jpg,三头燃气灶,厨房家居,Cocina y Hogar,"Shopify,Facebook Marketplace",价格由 AI 从图片识别：RD$ 175，请在审核台确认
vbcc234dfe,Estufa de gas / fogón de gas 5 quemadores acero inoxidable,"Estufa de gas / fogón de gas 5 quemadores acero inoxidable

📦 Características:
• 5个灶头
• 不锈钢材质

💰 Precio: Consultar precio
✨ Estado: Nuevo
🚚 Disponible para entrega o recogida

🛒 VivaBien — Tu tienda de confianza en República Dominicana",VivaBien,Cocina y Hogar,Cocina y Hogar,TRUE,VBCC234DFE,7640,,VBCC234DFE.jpg,燃气灶,厨房家居,Cocina y Hogar,"Shopify,Facebook Marketplace",
vbc1b07aaf,Estufa de gas / fogón de gas 2 quemadores negra metal.,"Estufa de gas / fogón de gas 2 quemadores negra metal.

📦 Características:
• 2个燃气头
• 黑色金属材质
• 手动调节阀门

💰 Precio: RD$ 1295
✨ Estado: Nuevo
🚚 Disponible para entrega o recogida

🛒 VivaBien — Tu tienda de confianza en República Dominicana",VivaBien,Cocina y Hogar,Cocina y Hogar,TRUE,VBC1B07AAF,895,,VBC1B07AAF.jpg,双头燃气炉,厨房家居,Cocina y Hogar,"Shopify,Facebook Marketplace",价格由 AI 从图片识别：RD$ 1295，请在审核台确认
vbc1b07aaf,Estufa de gas / fogón de gas 2 quemadores negra metal.,"Estufa de gas / fogón de gas 2 quemadores negra metal.

📦 Características:
• 2个燃气头
• 黑色金属材质
• 手动调节阀门

💰 Precio: RD$ 1295
✨ Estado: Nuevo
🚚 Disponible para entrega o recogida

🛒 VivaBien — Tu tienda de confianza en República Dominicana",VivaBien,Cocina y Hogar,Cocina y Hogar,TRUE,VBC1B07AAF,895,,VBC1B07AAF.jpg,双头燃气炉,厨房家居,Cocina y Hogar,"Shopify,Facebook Marketplace",价格由 AI 从图片识别：RD$ 1295，请在审核台确认
vb98c52f97,Parrilla de gas / soporte para estufa cuadrado metálico negro,"Parrilla de gas / soporte para estufa cuadrado metálico negro

📦 Características:
• 黑色
• 金属材质
• 燃气接口
• 方形设计

💰 Precio: RD$ 50
✨ Estado: Nuevo
🚚 Disponible para entrega o recogida

🛒 VivaBien — Tu tienda de confianza en República Dominicana",VivaBien,Herramientas y Ferretería,Herramientas y Ferretería,TRUE,VB98C52F97,490,,VB98C52F97.jpg,燃气炉架,工具五金,Herramientas y Ferretería,"Shopify,Facebook Marketplace","价格由 AI 从图片识别：RD$ 50，请在审核台确认; ⚠️ AI 生图失败，可点「重新生图」重试: HTTPSConnectionPool(host='api.quickrouter.ai', port=443): Read timed out. (read timeout=120)"
vbb3ca54c5,Estufa de gas / fogón 2 quemadores azul metal,"Estufa de gas / fogón 2 quemadores azul metal

📦 Características:
• 2个炉头
• 蓝色
• 金属材质

💰 Precio: RD$ 80
✨ Estado: Nuevo
🚚 Disponible para entrega o recogida

🛒 VivaBien — Tu tienda de confianza en República Dominicana",VivaBien,Cocina y Hogar,Cocina y Hogar,TRUE,VBB3CA54C5,1870,,VBB3CA54C5.jpg,双炉燃气灶,厨房家居,Cocina y Hogar,"Shopify,Facebook Marketplace",价格由 AI 从图片识别：RD$ 80，请在审核台确认
vb2d115ea0,Estufa de gas / fogón doble negra vidrio,"Estufa de gas / fogón doble negra vidrio

📦 Características:
• 双头
• 黑色
• 玻璃面板

💰 Precio: Consultar precio
✨ Estado: Nuevo
🚚 Disponible para entrega o recogida

🛒 VivaBien — Tu tienda de confianza en República Dominicana",VivaBien,Cocina y Hogar,Cocina y Hogar,TRUE,VB2D115EA0,1980,,VB2D115EA0.jpg,双头燃气灶,厨房家居,Cocina y Hogar,"Shopify,Facebook Marketplace",
vb80fcb0cf,Micrófono inalámbrico / karaoke negro con receptor,"Micrófono inalámbrico / karaoke negro con receptor

📦 Características:
• 无线
• 黑色
• 带接收器

💰 Precio: RD$ 175
✨ Estado: Nuevo
🚚 Disponible para entrega o recogida

🛒 VivaBien — Tu tienda de confianza en República Dominicana",VivaBien,Electrónicos y Tecnología,Electrónicos y Tecnología,TRUE,VB80FCB0CF,1100,,VB80FCB0CF.jpg,无线麦克风,电子数码,Electrónicos y Tecnología,"Shopify,Facebook Marketplace",价格由 AI 从图片识别：RD$ 175，请在审核台确认
vb394dcd8b,Crema para pies / pomada para pies 454g anti-fatiga y grietas,"Crema para pies / pomada para pies 454g anti-fatiga y grietas

📦 Características:
• 454g
• 缓解腿脚疲劳
• 修复干裂

💰 Precio: Consultar precio
✨ Estado: Nuevo
🚚 Disponible para entrega o recogida

🛒 VivaBien — Tu tienda de confianza en República Dominicana",VivaBien,Belleza y Cuidado Personal,Belleza y Cuidado Personal,TRUE,VB394DCD8B,425,,VB394DCD8B.jpg,足部护理膏,美容个护,Belleza y Cuidado Personal,"Shopify,Facebook Marketplace",
vb394dcd8b,Crema para pies / pomada para pies 454g anti-fatiga y grietas,"Crema para pies / pomada para pies 454g anti-fatiga y grietas

📦 Características:
• 454g
• 缓解腿脚疲劳
• 修复干裂

💰 Precio: Consultar precio
✨ Estado: Nuevo
🚚 Disponible para entrega o recogida

🛒 VivaBien — Tu tienda de confianza en República Dominicana",VivaBien,Belleza y Cuidado Personal,Belleza y Cuidado Personal,TRUE,VB394DCD8B,425,,VB394DCD8B.jpg,足部护理膏,美容个护,Belleza y Cuidado Personal,"Shopify,Facebook Marketplace",
vb80fcb0cf,Micrófono inalámbrico / karaoke negro con receptor,"Micrófono inalámbrico / karaoke negro con receptor

📦 Características:
• 无线
• 黑色
• 带接收器

💰 Precio: RD$ 175
✨ Estado: Nuevo
🚚 Disponible para entrega o recogida

🛒 VivaBien — Tu tienda de confianza en República Dominicana",VivaBien,Electrónicos y Tecnología,Electrónicos y Tecnología,TRUE,VB80FCB0CF,1100,,VB80FCB0CF.jpg,无线麦克风,电子数码,Electrónicos y Tecnología,"Shopify,Facebook Marketplace",价格由 AI 从图片识别：RD$ 175，请在审核台确认
vb128ce19b,Pintura acrílica líquida / colorante 150ml violeta,"Pintura acrílica líquida / colorante 150ml violeta

📦 Características:
• 150ml
• 紫色液体

💰 Precio: Consultar precio
✨ Estado: Nuevo
🚚 Disponible para entrega o recogida

🛒 VivaBien — Tu tienda de confianza en República Dominicana",VivaBien,Belleza y Cuidado Personal,Belleza y Cuidado Personal,TRUE,VB128CE19B,225,,VB128CE19B.jpg,丙烯液体,美容个护,Belleza y Cuidado Personal,"Shopify,Facebook Marketplace",
